platform,type,query,title,description,url,display_url,creative_image,position,timestamp,is_premium
Яндекс,Яндекс.Директ,туры по россии,rtoperator.ru›-Туры-выходного-дня…,Работаем 17 лет. Скидка до 7%! Доставка бесплатно! · Доставка бесплатно. Работаем 17 лет. Скидка до 7%. Подбор тура,https://yabs.yandex.ru/count/WkGejI_zOoVX2LaK0xKM0ADecoMSm0cOlM42UZFyj_j0m7i10HtwV2vtzco_S-SDTxv-n-iDTxWvh452DQpL7BVzp55a92J3YfJ3McHKbCCQXBHab9J3UdH3wIT75Sd8nWqhZHnGQ9xVjYsTFg4vga97EQREfpDtJdCScgCg92D7ZgeGDKUEgb1GZX6irIBgZHn9IoMKg4f9-8tZqwSjnQEsS-h4RPjwewXQ6yamAgeQpRXHWyGDf2Kb4aj88v2CbAX8rYCZ9QGHDcpOcDi1KpPFN9TMZf5A7y6CixGD3C2WusW2aO-FZuzF2OmfSW5Q65E51MXXJ14Me8Kn5QK0BOofmGAqCAQW5A25CILOWBP5d5REryGI3Dl67cvUETsagguu5Zq-jUsqQ-fGZVl6RUdJ6PNUk5CwjQEurAwZKgWJbqBp9nGwVKQbDWiSh8S2PACJyjMvOBdnsi5WwM3_EPzlc00tW0FOmCs18lR5AUodfTMmDyD-MbeDsnwoH06uz5HDsLj52V96ist3OVX0MWq90Np1c1eCOEk0RkKj8gGmpfjsmOp1HnBz3SaWE6jXQuAADWG6RX2p5dRGOKqUUXIsTqw-n92REXRCf6Fr634pHlSmPWqUv18WSEKhWXaO512ndC4b9wQfHpU_KuDMFypisf4_-00VYFzR0sRaUsl0Z7mkXowHltiltUnhAuYY_TaAecYPPXb39CooZ24IvdZNTLsdpHQWD45oqJofHT8xpPDQ9BsbktoPDZoCycJFbwKZqezf3px0SGeXcF_Y6DnruFajhUjwvE2k0yzh_P4o9OHaFkkPkLAfL0hLQ0MmlPxLCJ1hbB_9Bet60KzQw23yXoThZU2lOvoiIs3bY6cuK2jUSWlzDjByO4ACo8gjYPuoKO38DWMYQAmmlkCBzyHNf673eIpy_i7gqmZofco-tNx2zQR0N0_IKGS6mUs9CR35_yhFwBndNrYBHZwg3uci93AOCm00~2?etext=2202.lPP8dNumDTdkl_VluqL5DNi5VsqkmpLuK9B-iijGu-ZkZ3FsbWVrYmxwcGFkY3Nw.b86ace08a2a399b438176f6797e700fd6a502568&from=yandex.ru%3Bsearch%26%23x2F%3B%3Bweb%3B%3B0%3B&q=%D1%82%D1%83%D1%80%D1%8B+%D0%BF%D0%BE+%D1%80%D0%BE%D1%81%D1%81%D0%B8%D0%B8,yabs.yandex.ru,,1,2025-11-12 16:47:35,False
Яндекс,Яндекс.Директ,туры по россии,level.travel›Туры-без-визы-из-Мос...,Лучшие цены на путевки без визы. Бронируйте выгодно! · Быстрое подтверждение. Надёжные туроператоры. Поддержка 24/7. Скидки и купоны. Удобная оплата. Удобный поиск,https://yabs.yandex.ru/count/WqmejI_zOoVX2LcM0_KP07CkiYMSm0cOlM42UZFyj_j0mBj4G8S-dykTFTllt7d3dQ_VyNh37Uu92qwCOAqMKJMeNx0eeJHqfOPu_bI5dYUc89meGFmydtSKwepYjzHfH--fSmhDxHnL8MgE_7RYEJvrGg4vga8oSbI5WdBys3OqlwEt57f3SrI5XegSKAapZq9jEuSDQz7Fq13rvmQIKj6IKL2Dj6Iaz6DL4agggKdLdolIJ_N6Zz88rY8aAn2HjOPH4Gbgab2D7oCAI525afAMMjGsZ8AIZ2OWOKKo6ZeQmKfYo5g3YgGqOiXQmphqjGEcR9wuBgqS8vK-WXbdQHiOW477qGGY7nyV7vyI7QOxfeMv0fhG1OJzLm5S65Fa0hGmfWeBqCAO8Yn02sCgIW5Q65E31MXXJ44fG0jZIh00xOd88pbV4udC2q9FIq1okabJqh2G23kKt3xnEsCPuCkYnwUsdNPD7QfntxWjVJgZqXjtIgTs59VQTLGATU9IQFw4GgVFgDHcWOFrK81iT4A-EXSiDruFcDNoqeKfYnsMczqnIOSiIYFdymqJu0Pm01ku97O4ahyuXVsqj1hsPjXFIwjXsqEMA01trsjqJxDjms7uG5eD2G5ymPWQ363hW5RxnOGXRAAAbfQMbfPMp64IAeSNp1Xy9D7Va0o2inQs9gY0i2V9gU6mi8CEIo1Abi9MBT8gXjpKiM0cBLQF4JDZT0zZrk11BW42LxuYc8510H7B6LnoOffwTFCh0dBA3til52aVRECb_wy0LlA-Lm0hUPzximNuzo15jw_5G4kLdyL0InMccGAFCRDCWSUOEMOklSpblkkwhjDc2r2Q8Bag53wAqNk5maSnUik4ycLFfZRtvybUoPXhq8zf3qO0QlzE-U_DHuLBMA_puVKxFjONzMt2ilLvhKUYfuKDYyzwPgvKAfL2DLe1RAzdTGpCBEMle2N4oW5FMkWc_COokjx9GHOUYwvIvmqZhgCXAHL34w3xFot7IU-p-JqkmW_O-TTTVrSFVP4l0x1FZj2vHb6jLMNoNr1nVYYBW1Pbr3znhKFVEJOWq85tb9CVynOVvCgslAV0qQ1ajiZjNXhpoY0VSD7IZagf8oj9CSmA~2?etext=2202.lPP8dNumDTdkl_VluqL5DNi5VsqkmpLuK9B-iijGu-ZkZ3FsbWVrYmxwcGFkY3Nw.b86ace08a2a399b438176f6797e700fd6a502568&from=yandex.ru%3Bsearch%26%23x2F%3B%3Bweb%3B%3B0%3B&q=%D1%82%D1%83%D1%80%D1%8B+%D0%BF%D0%BE+%D1%80%D0%BE%D1%81%D1%81%D0%B8%D0%B8,yabs.yandex.ru,,2,2025-11-12 16:47:35,False
Яндекс,Яндекс.Директ,туры по россии,drugoymagadan.ru›Авторский тур по Колыме! Все включено!,"Авторский тур по Колыме. Все включено: трансфер, питание, проживание, экскурсии... · Ранее бронирование. до 31.12.25",https://yabs.yandex.ru/count/WdSejI_zOoVX2LaX0aqJ0BCZYIMSm0cOlM42UZFyj_j0m7i10Hs272VAdIRGvtEvisVxdJjlkFFrErvlkCETaIHKmmY9Xb5IBSEAP0KYiOGqeeXQfSgW4jqmah64L3rW1qpPF75TMZb6Adq4CyxIDZ00WuwZ2KG-FZu-FYKwJ4KOlKu5DA4B2DC5U1CeW0jZYbo05iPKOG5Q65E41MXXJ4KfG0jZQh00BOmfA0LeOKm95g1j4QULypNnXCOLpy6G73bTkWyH3WcB7f_QTjerTQZ6VUEszEcCIc_SAPtQKLngrr4fr8bBeVaJ2fq-erAR1GxMGm6oqGdvwbomt7ZzaJ0jMcJ2DMxQpIv50YnxGrVdymqJu0Pm01kuU1qKDpkni9-MLiFU3FjfQJLiUyWI1U3IkgxlUetkQRPjE0mVIAiX8O0l65E30MmTq6ftc2Wwp9e8BvWn-4YYlo4P16SjR4qC2j0bWY892bZOGOSrUOGfR3q57MP2sKAHkRyOSbF7Wfbqx1uZPiRe7iQimODS0WIkV4Km0uC28fOpkEJ4DFNevlV7KFl3j9b9sWVlO17yNvmeuk_5YIB-t0BehlxkUpZv-5eHcCf-LWIcCgPvWWusPdc23hPTrtMTDbk0qWJ9DG2sYnYz3u3j8aPlS_Yo5pzc0Nlo1n891_PZseCHWFoAqkQ_NaVBqvtybjPr9XqjJtVosZ-93LC9-gndvagbKYbKenN0zdfMnx0aGFa1KCH7YmEUjD015Vpc4l37b6gx9mO6ONr6PxOtKnP1AaG-0i8FFQ7ouD83KfQdFYo84TSajSN7VgdnqvW_1uZ5WIqQygX81LbfFNPM~2?etext=2202.lPP8dNumDTdkl_VluqL5DNi5VsqkmpLuK9B-iijGu-ZkZ3FsbWVrYmxwcGFkY3Nw.b86ace08a2a399b438176f6797e700fd6a502568&from=yandex.ru%3Bsearch%26%23x2F%3B%3Bweb%3B%3B0%3B&q=%D1%82%D1%83%D1%80%D1%8B+%D0%BF%D0%BE+%D1%80%D0%BE%D1%81%D1%81%D0%B8%D0%B8,yabs.yandex.ru,,3,2025-11-12 16:47:35,False
Яндекс,Яндекс.Директ,туры по россии,rechflot.ru›круизы…,"Круизы на теплоходе «Григорий Пирогов» – маршруты, каюты, цены. Скидки до 20%! · Лучшие предложения. Бронирование на сайте. Популярные маршруты. Комфортные каюты. Экскурсии. развлекательная программа",https://yabs.yandex.ru/count/WdmejI_zOoVX2La_0dKJ0EFZY2MSm0cOlM42UZFyj_j0m7i10HtwV2vtzco_S-SDTxv-n-iDTxZHf_DPFvtF4ZTCaAXX9CC8IUY8n1BI22MZeUkC82lITGTCsJnnNLevHYfz13FEqZOm08EEOv4zlMW1JUW2mXKm5i25CKKkG0jZgh00BOmfmWAqCAQY5A25CJLOW1R659G2j32c10lGjeZJolcQa2AZ9fDK949EbrwYIxfz23C_UBq7BeiUdzfssZLrgCPzuxRqwOnARzmfdTfHN6hNKIdKYKkX-HCAdJwZKfi53jP30RBH2VdgNB3SU8cW-8PIU3cVRvW0Du03sC15eClN3D5h5VRJqchOcs4_BQs6RGzPeW1SUggcxBDtL8CruXozHlSqspOSXW-arP0Gm1UCgS40jWxeLjuY7hl7_NkyOCRW8ud-XcGGdBMmDG4bHgm1ewS52plei2OFFGfRJq67cL3-SUCOSbF7Wfbqx1uZPiRe7iQimODS0WIkV4Km0uC28fOpkEJ4DFNevdT3duyVxW3BZm_6q2JbVozy8VdU2rz8FZS35-pl9g2uNyj0q-JFCj0qoJJ7cCqnop5cSymnS-cDMUwxhkiwRRO0fGcIYy8MBxrJsEAbjympNyvPcuJovEyrnxZrOzg34JW_aRNvhzS1pKy8_PRMTIOTqFo4q6l_95GNBO8-wxtkiRXPFT73yXHOFgAPkLAfL0hLQ0MmlPxLCInDA3-G8KSY3tZIGWSN_04FJ0vojT0jeQC83lYAGQygREpjNXJYpaXc6m9baKx_qJnLEhixFBvWzNfyLQI7MPtGIl9hyUpQC_fCbloeHPCbifB5LCu0~2?etext=2202.lPP8dNumDTdkl_VluqL5DNi5VsqkmpLuK9B-iijGu-ZkZ3FsbWVrYmxwcGFkY3Nw.b86ace08a2a399b438176f6797e700fd6a502568&from=yandex.ru%3Bsearch%26%23x2F%3B%3Bweb%3B%3B0%3B&q=%D1%82%D1%83%D1%80%D1%8B+%D0%BF%D0%BE+%D1%80%D0%BE%D1%81%D1%81%D0%B8%D0%B8,yabs.yandex.ru,,4,2025-11-12 16:47:35,False
Яндекс,Яндекс.Директ,туры по россии,travelution.ru›Туры в горы…,Туры по самым красивым местам,https://yabs.yandex.ru/count/WdSejI_zOoVX2LbU0aqJ0DCYXIMSm0cOVG9SRvY0tWp_xJuGyC8We4EVp-NEdkrtxdpNryxNxtYzuGuNYLgZY1f24VM86aADP5LAeXB9AFefeXvHGo2nX3IYo4X8QMd8MeEAfAHZ1qpPF75TMZb6Adq4CyxIDZ00WuxZNSqY1GKqeGi8qmLu4oY02sEAN80MnbHX0LeOKuG5Q65CHIb02sDgi00jZ2ae1MXXJ0aMe6qHfvNpDG5e-29Bv8x9wT9BYXY6VGZ_3rxlWSkYnwUsdNPD7QfntxWjVJgZqXjtIgTs59VQTLGATU9IQFw4GgVFgDHcWOFrK81iT4A-EXSiDruhOY3mq41pFjym0Mu01x21ImBi1iHEBEodfTMmDyD-MbeDsnwoH06uz5HDsOWiggz6J8DrNTTrlKRtDDis78OFfDMG4C0NZAd10BOzMAqNWuya-XkIGN3MmjQ4ayWHFaYGmOw57NHOauSUXMqRbsuCkQbZmKmwTeyHCsDq3sE6-NgGIu30bQy8Pc1GGCHo1fUScAOUtVpY13hvuQD4fW-EaUBaVskOVMyDiy_rLFhV2p12vMkNVd4_k_IBOvfZu1QPvHYuHUQOkVHIMEwxhkiwRRO0fGcIYqCLnZzwvr25yO_UqbQ-xBjEpdMU_8C4QY7wCUt12NpPJSdpNzokIbzP7_nAyze_kVrX9OLcvagbKYbKenN0zdfMnx3yGFd3POSB7F2aXGuP_CR21uJiTZ9rK0EdVrvji0ixrtqzVvqvuPpeygALykfPoFecgwNtCDqpakLoOPzZLeu7-hurS9o3Cgsn5eVTNaPqqifP5XtYnkuqGbPM8MaH~2?etext=2202.lPP8dNumDTdkl_VluqL5DNi5VsqkmpLuK9B-iijGu-ZkZ3FsbWVrYmxwcGFkY3Nw.b86ace08a2a399b438176f6797e700fd6a502568&from=yandex.ru%3Bsearch%26%23x2F%3B%3Bweb%3B%3B0%3B&q=%D1%82%D1%83%D1%80%D1%8B+%D0%BF%D0%BE+%D1%80%D0%BE%D1%81%D1%81%D0%B8%D0%B8,yabs.yandex.ru,,5,2025-11-12 16:47:35,False
Яндекс,Яндекс.Директ,туры по россии,rtoperator.ru›Туры-по-России…,Экскурсии на автобусе по городам России от туроператора. ... Заказать тур. 21-23 ноя.,https://yabs.yandex.ru/count/WieejI_zOoVX2LdL0kKL0AFcbIMSm0cO4wZY3HFGc-6_tGS2tWi8wD3dSxcpP_kTEs-uy_KxNc-umyrXvoWo4f9XHSgnX3J26eIqP9IK8yaQH1qw-WaI8g8MtQZci1xTKFh9KKKoid73IiFvp54LEifnsqveT9exez0SLI4PEN9KXQWvSbI5WdACOAqMKM_aI5egeKHLIf96fTBdy_cqfT9ycjksKpf4dK73QdH4uWRIaXA99QGHI4PAL2JhaP4IqWWRDco0APidhikhdWnANu94at6Y6GOTHnE8V7nyV7nAO4oH2z32c2eiG0jZYh00BOofA0LeOKmD5g25CGMb02sCAS42j2tYj7A-9leM4A6pCVDokdIVrvAq3-7b1w_tmCrn8AEW2p30O08U261CPt2m7WgGZKx8L-U2vSPBesG3ZHmBdCytJ80Rm05iuEP04VlY5FRJqchOcs4_BQs6BJrLK_PMKOAyrOXpz1hTqspRS1W-a5P3GW1VCAO60zWwe5jv9mWfZFEcNJ1Zy954VqCo2CvQs9h08aUc8xSZWuKTT5Y5SeWoAXvw5BPtJhx4a9iw5ioaO_KOCJD6zp1c3t8950XWHmaIC5qC2eXOpk2I4zFKevjV8Scs7rxkLSe-c8DQsl_2C8dxNXWcSPyxuSVPtt-kq7sjXwcxd_KmTSSqn_WLCiioN9emnxkkwpfjRZw91PvfdjGYwPtcIIsItdf6NwOD3wCy-NS9oYdwCUt124pHKfNvRmbwJMD6lwLrNJ_hDOqPlVP_wN8cy-6pFWCTlZAOAvLAfL2DLeEzRAByIdmMgsLAIpW17lojTpPcdj9r6qcye0c2KxCMAyPKnEVT_CHMOKCKQD-uP1lh30Dj50DzjsJlcyoo03p3WJOvW9aiNIcAQtTffEkLTCVU5SBfbGMMooQ28oDkHj1ap49QD5_aFUh2IZfi5G80~2?etext=&from=&q=,yabs.yandex.ru,,6,2025-11-12 16:47:35,False
Яндекс,Яндекс.Директ,туры по россии,youtravel.me›Авторские-туры…,Авторские туры по России в 2025-2026 году Только проверенные тревел-эксперты. Реальные отзывы от путешественников. Помощь в...,https://yabs.yandex.ru/count/WgqejI_zOoVX2Lbu0lqK03DcaYMSm0cO4wZY3HFGc-6_tGS2tWi8wD3dSxcpP_kTEs-uy_KxNc-umpqoKgAHPAtco95a3Q8E7Vq42H5HYsvKSpnpH9tH-mbrtlaJcYEAuqwfT0grfNOE-vPAe_QTuz0SEVI9tzBRjWhzB27z9FtSgFBxYfdycFpgnBeVYHj8IaLBHa4aaf2MZ9H8M8b635bhK96Kbenk0Ew0APidhikhdWnANu94at6Y6GOTHnE8V7nyV7nAO4oH2z32c2eiG0jZYh00BOofA0LeOKmD5g25CGMb02sCAS42j2SYZ-HyJGX6aIo0mmqbfwi4tkC-X9aVlDu3DyU1Z88km0232NWWW36TmS5wA40sEY5VdGkM6wzVEzBtP36GIPpZpSvqGJJfWx3p-OO9S0CuW0tS4NvNLRuuXVsqj1hsPjXFIwjXwu2kxtgDxccsRJWC7qYh8I60BnXJWm5i7T1glvYM-fKiadqNp1Xy9D7Va0o2inQs9gP4SANrhKnOs467LIYNAEjE2bkxBfCOCWOeNGSpwTWzHioCqJsCsODS0WK2s56214mNWm8YbZEuvCGqzUZcju308J_iisk27popzVI_JIU8tzjqWlYvCLZptsykTLzxCxRZPs_6TZ3DCU4oPjd2cW_cUDTrNQVDpIUnm3FTIDDZ2uLkMZHOmoIJCNhNCCbaZDvUVTcBOO6SysIVH549eX_J7dp0bQjpel-MiAXufCjlQLtNpukAHxgyrkDHGV8LwBC-0ns-CfWhbKgbK8rMWxqSGVct86ZwCgKbd1hybRJXlWlSsG4wt83CtQb6ixLyBFK2JG3scI8HchmI3bSmXJcZ9rkAaqMLYlUEzE53p_iwE2ddKN55s7jmfCerGAd8mj2usxB-gMuBX9NRO3S5~2?etext=&from=&q=,yabs.yandex.ru,,7,2025-11-12 16:47:35,False
Яндекс,Яндекс.Директ,туры по россии,level.travel›Официальный-сайт-тур...,Горящие туры по России с вылетом из Москвы 2025. Быстрый поиск по всем ведущим туроператорам. Сравнивайте цены на сайте и в приложении...,https://yabs.yandex.ru/count/WpiejI_zOoVX2Ld30sqP06EhfdxDopW1Sm9Ll642UZFyj_j0mFiHqA7Fvt9dp_OxTzvmv-jtlDvmXtl2WXCZMAj5L0tg5onAA0rTgI5-ga8-pnIvZ_DvOWh2YGB4pvra3Q8E7Vq42H5HYsvKSoGP7UM8vlRzpEyyVzgu7RsTqzpEKHMYvgWAoSXH5GhAyVECHgKu58z6eSvdZghGKD6DGvsuZJkbEOQ6g3z7HDNw1f9IqP9HK8sqPAJqKxLQhpKrgVfpHVgftlXH6i5Qf6GqWmHLA2bfgKLjmoWeoMW24bOaew6Z4QmaXgmrg4XA8uQiDQn3J20xOChcYUlogYU3qfSWqMISQ8P1nz448XyV7n-V4XXJv0AqCAOA2z32c28iG0jZAae1MXXJWmLeOKn1AK0BOqgm06sBEAsShmCq0Bpsfn-TqwMNmFsXVGZ_3rxlWNiT7nPEic454HlWc-D0Ha4NO83113mGm9ZEu60z520RdP2lpWNBZHTc2nUgyUAI8c0tEmsAB49AKCxd6oR03U00Dd19x0Wasuc5_RIq6lPcs4zBgs6BGTTtlKRtDDis78OFfDMG4C0NZAd10BOEQBLxp64IAeSNp1Xy9D7Va0o2inQs9g9C9o3_SB31mWuwh4AP-kKhetDmqocOcppqA6pL8grYo4qT2sRIiNgCc1cZUnYp1xa42WImemG9c2u61KGiPt39YMdgqSrlSzlZXpcO3Num1QZzVsEoRjyRatNxt0c1MlvkW97zQpyCAlxiXq55fXc6Z8vPdh3un1mpbzxcSjzrNTTfS_D9BF1SeV1HZDuh53wAqLjQq9SzcThSdoV_87TC9lsOzk04jdhmwF9VdAvijkjMMsAl_PDOTebzFkipqE4hWxbIgLGArMWrs4mZoXyKnMIYJ6a99pByP_xS2BuA2FZgJU2TMfL-kqzTNyh9XYsCvkERVypeaOYI8I4GZEDpluhLq76yVC6uY2-AOK5WKA5jH-3jzQgnJy4-Cjz73ZZBmmmAejgbovwJfbPoK2UXfdw_0MtckmMhuHwuHAKk6N7DyzHeVpsYSJLtb7ew9cPLtjUt45plzcLSSDsVnw8puq1OgQ-7IG00~2?etext=&from=&q=,yabs.yandex.ru,,8,2025-11-12 16:47:36,False
Яндекс,Яндекс.Директ,туры по россии,bolshayastrana.com›tury,Варианты туров по России многочисленны и разнообразны. ... 3589 восхитительных туров по всей России. Прямая цена без наценок агентств.,https://bolshayastrana.com/tury,bolshayastrana.com›tury,,9,2025-11-12 16:47:36,False
Яндекс,Яндекс.Директ,туры по россии,tours.tutu.ru›strana/rossiya/,Путевки по России от всех туроператоров. Мы собрали на этой странице наши лучшие туры по России в 2025—2026 году.,https://tours.tutu.ru/strana/rossiya/,tours.tutu.ru›strana/rossiya/,,10,2025-11-12 16:47:36,False
Яндекс,Яндекс.Директ,туры по россии,magput.ru›tours/mnogodnevnye-tury,"Мы приглашаем вас в многодневные автобусные, ж/д и авиа туры по России и странам СНГ из Москвы! Это увлекательные, но притом недорогие...",https://magput.ru/tours/mnogodnevnye-tury,magput.ru›tours/mnogodnevnye-tury,,11,2025-11-12 16:47:36,False
Яндекс,Яндекс.Директ,туры по россии,sletat.ru›trips/search/ekskursionnyy-tur/,Найти и купить Экскурсионный тур на 2025 год по цене от 2900 руб поиск Экскурсионный тур от туроператоров Слетать.ру.,https://sletat.ru/trips/search/ekskursionnyy-tur/,sletat.ru›trips/search/ekskursionnyy-tur/,,12,2025-11-12 16:47:36,False
Яндекс,Яндекс.Директ,туры по россии,experience.tripster.ru›tours/russia/,"Фото - Экскурсия: ""9 городов Золотого кольца России на внедорожнике: индивидуальный комфорт-тур"". 4 дня. Москва и окрестности.",https://experience.tripster.ru/tours/russia/,experience.tripster.ru›tours/russia/,,13,2025-11-12 16:47:36,False
Яндекс,Яндекс.Директ,туры по россии,intourist.ru›Экскурсионные туры›Экскурсионные туры в Россию,"Проживание у моря, в горах или в центре исторических городов делает экскурсионные туры по России комфортными и разнообразными.",https://intourist.ru/info/russia/excursions,intourist.ru,,14,2025-11-12 16:47:36,False
Яндекс,Яндекс.Директ,туры по россии,1001tur.ru›russia/,"Мы проясним для вас любые вопросы: маршрут, цены, транспорт. Подобрать тур по России с вылетом из Москвы или из любого другого региона вы также...",https://www.1001tur.ru/russia/,1001tur.ru›russia/,,15,2025-11-12 16:47:36,False
Яндекс,Яндекс.Директ,туры по россии,russiadiscovery.ru›tours/,Активный отдых в России. Предлагаем разнообразные формы активного отдыха на природе. Участникам экстремальных туров предоставляется техника и...,https://www.russiadiscovery.ru/tours/,russiadiscovery.ru›tours/,,16,2025-11-12 16:47:37,False
Яндекс,Яндекс.Директ,туры по россии,travelata.ru›Все страны,Туры по России. Правила визирования по странам. Страна. Тип визы. ... Количество отелей в Россию из Москвы: найдено 25 отелей.,https://travelata.ru/rossiya,travelata.ru,,17,2025-11-12 16:47:37,False
Яндекс,Яндекс.Директ,туры по россии,onlinetours.ru›Все страны›Россия — поиск тура от всех туроператоров 2025,"Как выбрать и купить тур в Россию. Туры в Россию – это богатая экскурсионная программа, беззаботный пляжный и активный горнолыжный отдых.",https://www.onlinetours.ru/tury/russia,www.onlinetours.ru,,18,2025-11-12 16:47:37,False
Яндекс,Яндекс.Директ,туры по россии,coral.ru›main/russia/,"Купить путевку по России от надежного туроператора CORAL TRAVEL! Удобные вылеты, большой выбор отелей, бронирование онлайн...",https://www.coral.ru/main/russia/,coral.ru›main/russia/,,19,2025-11-12 16:47:37,False
Яндекс,Яндекс.Директ,туры по россии,goryachiekluchi.ru›новый-год-суздаль…,Приглашаем Вас встретить Новый 2026 год в особенной атмосфере древнего Суздаля. · Большая территория. Новогодняя программа. Широкие русские гуляния. Спа и Бани. Коттеджи. Персональный менеджер. Премиум-уровень. Детская комната,https://yabs.yandex.ru/count/WcqejI_zOoVX2LaQ0lqI0DDYXYMSm0cOlM42UZFyj_j0m7i10HtwV2vtzco_S-SDTxv-n-iDTxX3H4epHbY7g5KSIqbrZRfg9ACEGUX63QCY4abAHTOQLX9BI2E4PWGj3T6m2iq8ejv0Cf91WWHFqf6Iqem5Ti2KpHFNfPLZfD97CECiRGC3CEWuca3au-FZurC2OufSW1R6L641MXXJX0LeOKn5AK0BOsgm02sCAIW5Q65C2HQWFH5v9EThWlopeSnBHucSBhr4gyJkGxZvmUizS5dq-DIsqwwfGpNk6xUbJsTKUkDEwTIEubAxZagXJbmApPzGwFGPbTeiSB0U2f2DJiXNvuBbnkibuvgCO1NYWO5lTZe3gGQ6XfpFDqo06y01RE1wBI3MZh2VbbR3tWpxQMarR7l84WNWqbCrvHcQRHiEmmVIQaW8u0l6r600MngirNunmOG9rVOkc37uIAA_8Ha4PoriJRZTLNLmm1OZ5dRGOKqUOGhR1dQ4OyXDPepkOSmQFCWbGE3ALmGpC2WWOZc3IqvCKuzkVdEm97yu04NSFZY09OZ_Is5Bq_TIsDBqkJDJHFwUWblujGb0UldP122zCCtClJ5cUO8R57EywxgkqsOBK9eWkN9SQUcTWuyiRFJMy_cot-jIwEJ9tyjGIvGVqnwSm9Fa7QB_Udqn29NTRsbTPz8NWr3PlVPFHhaLOVDPBrIZ5S3sUbR7iBnHVXij8F83dhJG0HNy2ZveyXFyuZTsup3btITpYnKRcUDUzV5-jeMT7SLvJ7BqODiwOf-5mb9PIEMro7QlC_P4AWviqHALLrBnrR9rQ0G0~2?etext=2202.lPP8dNumDTdkl_VluqL5DNi5VsqkmpLuK9B-iijGu-ZkZ3FsbWVrYmxwcGFkY3Nw.b86ace08a2a399b438176f6797e700fd6a502568&from=yandex.ru%3Bsearch%26%23x2F%3B%3Bweb%3B%3B0%3B&q=%D1%82%D1%83%D1%80%D1%8B+%D0%BF%D0%BE+%D1%80%D0%BE%D1%81%D1%81%D0%B8%D0%B8,yabs.yandex.ru,,20,2025-11-12 16:47:37,False
Яндекс,Яндекс.Директ,туры по россии,азимут-тур.рф›Туры-на-теплоходах-2...,Выгодные Круизы Без Наценок. Подбор За 15 Мин. Есть Скидки и Рассрочка,https://yabs.yandex.ru/count/WrGejI_zOoVX2LbZ13KQ04Ehf5F7RW9cdm3N6oQWDyD_kmy4l1CGq5NaD2ftca2Vp-NEdkrtxdpNryxNxtYzuGxtoNFqWsITeMJ4etGqu-Y7-WCau-TvOWh2YG843m2gGYJmL8L-U7Bmv30guaco9b6HPXnLgrHR2ftYjnH_IcsUgj1FbPh3oSDJ5GAISSDA8qV-Z4wTkVEEGfrFdghGJuuSrYAZ8Xvh47NeA0SUlVEezEcKMeMAg3MCa8IAZ920Qgkrg8YAH2B9cYIqX1HK8rbh227LLA6af2MagWmW8XnBrXf0ITAwhkkY4PYCEs3AvedhqienKkaZc76Mje4167GSOKoH2z32c2eiG0jZYh00BOofA0LeOKmD5g25CGMb02sCAS42j2tYj7A-9ln-c2o1ENANqwNx79tuVGZ3VF3ckmVk2ofMdg3ydc0v7E3BeiUdjfrsJHsgST-uBNqwez8RTqgdTXINsdLK2dNYKcZ-X4AdpwZKPe63zL20R7H2lZeNB3TUiJmdIJmev_CD4-06S00RkFWKo3D4hrNOJqkhOM-6_RIq6hOzP8a2SEcfchBl0v9Dz3JRDXo63wJLa1305uofmG2s3kXQBmOVIVGt98FWh8Mj2M-858Y9GPeMTj1X2KJPGM7hAUWm4yf_5_V5a9iw5ioanMfZnCmOtSEODNYGIu30bQy8Pc1GGCHo1fUScAOUtVoAe0Bsmzxh1UM3A_mj_c-C5DZtnaY1VUu4mUxVxSAuh_rGXlhP3sKefdafpcAM9tItTbtNTTfi0KeJ91U58bzTz4wXo5SNlQNxVFbpEOagy-JlnNKrzcFQWn7e4Zd--Y-jwqmw60qDokzuDwlCnJfnAVFQF-dKnjSbLACLmFPwLiVmWvIVSPftUC2J5Zex_0FQGoBy72DGWebLxnROMGu_uWZmdoyj_ZPsKXP73LjWPIJwKqc3sq3bT_RWBNJAIpLPBeLNJGPK4vT1QegUG3x9QrlY3bMq9StEZLxTn1F7agBjGMaC5q5WTXioS3cD-8kdbGC3MWJOpXiCNgIR5oH2Q5jSbXaRqhulyd-Va0cQah9Wbb9_DtfErKSNyDp9-J5SmG_6Qwr9NjlYCJBMU2g4W2gZbe2BGgRxwjFRTmC0~2?etext=2202.lPP8dNumDTdkl_VluqL5DNi5VsqkmpLuK9B-iijGu-ZkZ3FsbWVrYmxwcGFkY3Nw.b86ace08a2a399b438176f6797e700fd6a502568&from=yandex.ru%3Bsearch%26%23x2F%3B%3Bweb%3B%3B0%3B&q=%D1%82%D1%83%D1%80%D1%8B+%D0%BF%D0%BE+%D1%80%D0%BE%D1%81%D1%81%D0%B8%D0%B8,yabs.yandex.ru,,21,2025-11-12 16:47:37,False
Яндекс,Яндекс.Директ,туры по россии,studenybereg.ru›тур-северное-сияние…,"Гастротур с прогулкой на катере, дегустация морепродуктов и северное сияние! · Трансфер включён. 2 часа от Москвы/Спб. Премиум-сервис. Путешествие на край земли. Тундра на ладони",https://yabs.yandex.ru/count/WcGejI_zOoVX2LaC0hKI05EYWoMSm0cOlM42UZFyj_j0m7i10HtwV2vtzco_S-SDTxv-n-iDTxX9GaDKAv8H41N926c9-ZC2TSYAH689QOGCAv8Lw4QHjRgab2HY1qpPF75TMZb6Adq4CyxIDZ00WuwZ2KG-FZu-FYKmfiW5Q65C5HQWXJ55M80MnbIK0hGmfWOBqCAOWbA05iQKO07Q4v57Shuc464KqNNaP7AwIOfgJH_2CH-ytWENHOzFRJljcZfKuxvnM_fqHgKtxfHExIWkjUke5Eh4fT3y2OLEdr6fpG87ww40sUY4V7KkM6wy8_2IF4N1wh5sTxDVQE6LX87T-Np31BW17C06xirqPzV3AkodfTMmDyD-MbeDsnwoH06uz5HDsTDist0OFf1MGq80Np2c1WFOqc2jzejffckiS-LTC6FmaKH_Gp88pbhOcZZpmI41BMUTXHrqM9D7cCAMZQySGsxgM6QCxc7C6Zp89K3WobS4Cp0e868vWqjEJ5EFRduFOCh-i0UIjlZ17B9S_bU3LTNtQh2g-joRiFdl7mHslpQ65DxFnf32OvffB3nccSBQ8NFCN7gRottNTLsdpHQWD45otKpH4jFxpHGjCRsz-h8lCgTZFTahaI9NvyUq1oEWumZtpt-zliMART5lQLrdqhTOiIrwhKSYnSUJN1Ogv2TrLxeSyWdLQ0MmlPxLCImhAByH34Qq1pnfeGCM_1QBrX8kVEY8Vb54t46p741GbjOfDESjJMT4pJiPc-VZdBS72WSX_pQ8KgHzx5mbjfYv7Xh325m4sAB1pg7mrKItumK0~2?etext=2202.lPP8dNumDTdkl_VluqL5DNi5VsqkmpLuK9B-iijGu-ZkZ3FsbWVrYmxwcGFkY3Nw.b86ace08a2a399b438176f6797e700fd6a502568&from=yandex.ru%3Bsearch%26%23x2F%3B%3Bweb%3B%3B0%3B&q=%D1%82%D1%83%D1%80%D1%8B+%D0%BF%D0%BE+%D1%80%D0%BE%D1%81%D1%81%D0%B8%D0%B8,yabs.yandex.ru,,22,2025-11-12 16:47:37,False
Яндекс,Яндекс.Директ,туры по россии,"baikal-melody.ru›Тур на Байкал ""Лёд-2026"" - Спецпредложение до 30.12…","Авторский тур для тех, кто ценит комфорт и уникальность. Все продумано до мелочей!",https://yabs.yandex.ru/count/Wi4ejI_zOoVX2LdY0fqL0FEbaIMSm0cOVG9SRvY0tWp_xJuGy5P0G6_0Y12ij2criAm1snBUB5HCcBAao1cWXJwVovqzs-_SUSEThz_nUiCTxcq_UQf2pnDJ44uK87XoM8zkAFrOYuoAUAn1I4j6IJdiAVxCxMVqbaQVKUZpYJkbI4j6IZ_M824IIqWZRbIDXgn4zH2LXX0LgCeEcB9vuhgqSenK-WXcdALjO0067KSJY7nyV7nyIc1CaGlGmfWgB40BOugm02sCgIW5Q65C3HQWXJ45fG0jZ2d10hGjuhHolYO6QwoK62FHcDEbbz1jsJ-49tpmUWzS5Zq-jUsqQ-fGZVl6RUdJ6PNUk5CwjQEurAwZKgWJbqBp9nGwVKQbDWiSh8S2PACJyjMvOBdn_l5aOA5fv7o-OGBS00vW0vS99KpoYrFOJqkhOM-6_RIq6hOzP8a2SEcfchA72Y95hX7dw3MwfzcsuJ1y8As6X02-O4mD1h1rGDTwAtnPOXQyOCRW8ud-XcGGdBMmDL5cXQCaAsU6XHrqM9D7cC8MILWuXjpKiSmOtSEODNYGIu30bQy8Pc1GGCHo1fUScAOUtVpYvSWVzaiCfJwuHhBylpLzXDzRqqVukHm8w_xU0WpsjHT8DVti1L9DJ3CzvODPZX425RFSTrtNTTfi0KeJ95S7AYHQUkz0XKHBR_sRBqyuGrlqv1z4oLER7zCUd42N7fKu__LCQ5YUtloMrdKc9ZGiJszU-oTz35v5yPApf6ID2Ccc2TLe1R2zdjKnB0-LFr0Bq8e3dhJG0IFyT0P2H1S1uEUuBrqGbv2X8VMxzrh01p9xq3BJ5EIOjEoVST4sGDc-gQPiSLnl_A8I_4umtL0faxfLHtWMotYBNluZq-W3i792NiX5QUPLQuYNjgY633Nkco2GG5iHO8ksdVt2LmVOZXS0~2?etext=2202.lPP8dNumDTdkl_VluqL5DNi5VsqkmpLuK9B-iijGu-ZkZ3FsbWVrYmxwcGFkY3Nw.b86ace08a2a399b438176f6797e700fd6a502568&from=yandex.ru%3Bsearch%26%23x2F%3B%3Bweb%3B%3B0%3B&q=%D1%82%D1%83%D1%80%D1%8B+%D0%BF%D0%BE+%D1%80%D0%BE%D1%81%D1%81%D0%B8%D0%B8,yabs.yandex.ru,,23,2025-11-12 16:47:37,False
Яндекс,Яндекс.Директ,туры по россии,Туры по России от Туроператор «Русь» — Предоплата 30%!,,https://yabs.yandex.ru/count/WkGejI_zOoVX2LaK0xKM0ADecoMSm0cOlM42UZFyj_j0m7i10HtwV2vtzco_S-SDTxv-n-iDTxWvh452DQpL7BVzp55a92J3YfJ3McHKbCCQXBHab9J3UdH3wIT75Sd8nWqhZHnGQ9xVjYsTFg4vga97EQREfpDtJdCScgCg92D7ZgeGDKUEgb1GZX6irIBgZHn9IoMKg4f9-8tZqwSjnQEsS-h4RPjwewXQ6yamAgeQpRXHWyGDf2Kb4aj88v2CbAX8rYCZ9QGHDcpOcDi1KpPFN9TMZf5A7y6CixGD3C2WusW2aO-FZuzF2OmfSW5Q65E51MXXJ14Me8Kn5QK0BOofmGAqCAQW5A25CILOWBP5d5REryGI3Dl67cvUETsagguu5Zq-jUsqQ-fGZVl6RUdJ6PNUk5CwjQEurAwZKgWJbqBp9nGwVKQbDWiSh8S2PACJyjMvOBdnsi5WwM3_EPzlc00tW0FOmCs18lR5AUodfTMmDyD-MbeDsnwoH06uz5HDsLj52V96ist3OVX0MWq90Np1c1eCOEk0RkKj8gGmpfjsmOp1HnBz3SaWE6jXQuAADWG6RX2p5dRGOKqUUXIsTqw-n92REXRCf6Fr634pHlSmPWqUv18WSEKhWXaO512ndC4b9wQfHpU_KuDMFypisf4_-00VYFzR0sRaUsl0Z7mkXowHltiltUnhAuYY_TaAecYPPXb39CooZ24IvdZNTLsdpHQWD45oqJofHT8xpPDQ9BsbktoPDZoCycJFbwKZqezf3px0SGeXcF_Y6DnruFajhUjwvE2k0yzh_P4o9OHaFkkPkLAfL0hLQ0MmlPxLCJ1hbB_9Bet60KzQw23yXoThZU2lOvoiIs3bY6cuK2jUSWlzDjByO4ACo8gjYPuoKO38DWMYQAmmlkCBzyHNf673eIpy_i7gqmZofco-tNx2zQR0N0_IKGS6mUs9CR35_yhFwBndNrYBHZwg3uci93AOCm00~2?etext=2202.lPP8dNumDTdkl_VluqL5DNi5VsqkmpLuK9B-iijGu-ZkZ3FsbWVrYmxwcGFkY3Nw.b86ace08a2a399b438176f6797e700fd6a502568&from=yandex.ru%3Bsearch%26%23x2F%3B%3Bweb%3B%3B0%3B&q=%D1%82%D1%83%D1%80%D1%8B+%D0%BF%D0%BE+%D1%80%D0%BE%D1%81%D1%81%D0%B8%D0%B8,yabs.yandex.ru,,24,2025-11-12 16:47:38,False
Яндекс,Яндекс.Директ,туры по россии,Скидка до 7% по карте Русь при оплате онлайн,,https://yabs.yandex.ru/count/Wh0ejI_zOoVX2LaL0nKL03EaYIMSm0cOlM42UZFyj_j0m7i10HtwV2vtzco_S-SDTxv-n-iDTxX5GbGY_CRnwTEMub7dqvaxfpaEpL4Laf7Z1mhDyzksfTCdbCW8wIY7S-h4RNj9gRRUA4fQ0Z9Iga4biOGq0ib8YOfaFJ9IGXfXmuQDkHqmPVF4TMdb6Adq4SmuIzl000mwZYOG-VZu-FYKm9WY5w25CLLOW1R65641MXXJKGhGmfWQB40BOmfA0LeOKu85Q5l4QULyJIp1i6tiuUQLqqsgwefZqUDJsqwxfWxLk6_SbZwTKUcDEwLJEufBxJegXJfnAJH_Gg7JPrHgiy31UYX0DZeXNvqBbXkl7GoM3lQVy_c62N03E80Dt1meOb-SmdvQMWrxC-odfTMmxI5B581BJzMKlLMK86yqspOSXW-arP0Gm1UCgS40jWxeLjuYGWhZl6aNp1Xy9D7Va0o2inQs9gXeGs3W1Z5hOGSTrkIXHs5xv-HB3BcfOy5CEbQF4JDZT0zZrk11BW42LxuYc8510H7B6LnoOffwTFCxDMZrmyok7Vc33_21-ByrO4Q-jmRCoETow1Bvk_VIpRwsWYZQdwqWYfPfbZ54mYpB629XZdTTrtNQR05A4oGNpPDQ9BtJFAb5qbkwovTfmyCeJ_PyMJeY_PXvvy47E4uX1FDV78Ex3Zo_fNLTZnpSTU1vhJzIfeIGp6SzCrSgbKgX6gq0jjUpEWQc0ChVM4Jjwu0dBNGe_8k2_JnNGuacR219YXNvj6RD7SPUwcA-PRKkFqmCjjT9NyVjd0QnWfJefYpM6Wu7_SxSYQgYI46ZWeHlRArQonT0vH-jyUr4sUIXxEibAEJDLiqTKwFiJU9a3ylZ3dG0mGjYOOlVIj3uVeD_O8l6VrGtYQpCE9Wp~2,yabs.yandex.ru,,25,2025-11-12 16:47:38,False
Яндекс,Яндекс.Директ,туры по россии,Туры из Москвы в 2025 году!,,https://yabs.yandex.ru/count/WqmejI_zOoVX2LcM0_KP07CkiYMSm0cOlM42UZFyj_j0mBj4G8S-dykTFTllt7d3dQ_VyNh37Uu92qwCOAqMKJMeNx0eeJHqfOPu_bI5dYUc89meGFmydtSKwepYjzHfH--fSmhDxHnL8MgE_7RYEJvrGg4vga8oSbI5WdBys3OqlwEt57f3SrI5XegSKAapZq9jEuSDQz7Fq13rvmQIKj6IKL2Dj6Iaz6DL4agggKdLdolIJ_N6Zz88rY8aAn2HjOPH4Gbgab2D7oCAI525afAMMjGsZ8AIZ2OWOKKo6ZeQmKfYo5g3YgGqOiXQmphqjGEcR9wuBgqS8vK-WXbdQHiOW477qGGY7nyV7vyI7QOxfeMv0fhG1OJzLm5S65Fa0hGmfWeBqCAO8Yn02sCgIW5Q65E31MXXJ44fG0jZIh00xOd88pbV4udC2q9FIq1okabJqh2G23kKt3xnEsCPuCkYnwUsdNPD7QfntxWjVJgZqXjtIgTs59VQTLGATU9IQFw4GgVFgDHcWOFrK81iT4A-EXSiDruFcDNoqeKfYnsMczqnIOSiIYFdymqJu0Pm01ku97O4ahyuXVsqj1hsPjXFIwjXsqEMA01trsjqJxDjms7uG5eD2G5ymPWQ363hW5RxnOGXRAAAbfQMbfPMp64IAeSNp1Xy9D7Va0o2inQs9gY0i2V9gU6mi8CEIo1Abi9MBT8gXjpKiM0cBLQF4JDZT0zZrk11BW42LxuYc8510H7B6LnoOffwTFCh0dBA3til52aVRECb_wy0LlA-Lm0hUPzximNuzo15jw_5G4kLdyL0InMccGAFCRDCWSUOEMOklSpblkkwhjDc2r2Q8Bag53wAqNk5maSnUik4ycLFfZRtvybUoPXhq8zf3qO0QlzE-U_DHuLBMA_puVKxFjONzMt2ilLvhKUYfuKDYyzwPgvKAfL2DLe1RAzdTGpCBEMle2N4oW5FMkWc_COokjx9GHOUYwvIvmqZhgCXAHL34w3xFot7IU-p-JqkmW_O-TTTVrSFVP4l0x1FZj2vHb6jLMNoNr1nVYYBW1Pbr3znhKFVEJOWq85tb9CVynOVvCgslAV0qQ1ajiZjNXhpoY0VSD7IZagf8oj9CSmA~2?etext=2202.lPP8dNumDTdkl_VluqL5DNi5VsqkmpLuK9B-iijGu-ZkZ3FsbWVrYmxwcGFkY3Nw.b86ace08a2a399b438176f6797e700fd6a502568&from=yandex.ru%3Bsearch%26%23x2F%3B%3Bweb%3B%3B0%3B&q=%D1%82%D1%83%D1%80%D1%8B+%D0%BF%D0%BE+%D1%80%D0%BE%D1%81%D1%81%D0%B8%D0%B8,yabs.yandex.ru,,26,2025-11-12 16:47:38,False
Яндекс,Яндекс.Директ,туры по россии,Авторский тур по Колыме! Все включено!,,https://yabs.yandex.ru/count/WdSejI_zOoVX2LaX0aqJ0BCZYIMSm0cOlM42UZFyj_j0m7i10Hs272VAdIRGvtEvisVxdJjlkFFrErvlkCETaIHKmmY9Xb5IBSEAP0KYiOGqeeXQfSgW4jqmah64L3rW1qpPF75TMZb6Adq4CyxIDZ00WuwZ2KG-FZu-FYKwJ4KOlKu5DA4B2DC5U1CeW0jZYbo05iPKOG5Q65E41MXXJ4KfG0jZQh00BOmfA0LeOKm95g1j4QULypNnXCOLpy6G73bTkWyH3WcB7f_QTjerTQZ6VUEszEcCIc_SAPtQKLngrr4fr8bBeVaJ2fq-erAR1GxMGm6oqGdvwbomt7ZzaJ0jMcJ2DMxQpIv50YnxGrVdymqJu0Pm01kuU1qKDpkni9-MLiFU3FjfQJLiUyWI1U3IkgxlUetkQRPjE0mVIAiX8O0l65E30MmTq6ftc2Wwp9e8BvWn-4YYlo4P16SjR4qC2j0bWY892bZOGOSrUOGfR3q57MP2sKAHkRyOSbF7Wfbqx1uZPiRe7iQimODS0WIkV4Km0uC28fOpkEJ4DFNevlV7KFl3j9b9sWVlO17yNvmeuk_5YIB-t0BehlxkUpZv-5eHcCf-LWIcCgPvWWusPdc23hPTrtMTDbk0qWJ9DG2sYnYz3u3j8aPlS_Yo5pzc0Nlo1n891_PZseCHWFoAqkQ_NaVBqvtybjPr9XqjJtVosZ-93LC9-gndvagbKYbKenN0zdfMnx0aGFa1KCH7YmEUjD015Vpc4l37b6gx9mO6ONr6PxOtKnP1AaG-0i8FFQ7ouD83KfQdFYo84TSajSN7VgdnqvW_1uZ5WIqQygX81LbfFNPM~2?etext=2202.lPP8dNumDTdkl_VluqL5DNi5VsqkmpLuK9B-iijGu-ZkZ3FsbWVrYmxwcGFkY3Nw.b86ace08a2a399b438176f6797e700fd6a502568&from=yandex.ru%3Bsearch%26%23x2F%3B%3Bweb%3B%3B0%3B&q=%D1%82%D1%83%D1%80%D1%8B+%D0%BF%D0%BE+%D1%80%D0%BE%D1%81%D1%81%D0%B8%D0%B8,yabs.yandex.ru,,27,2025-11-12 16:47:38,False
Яндекс,Яндекс.Директ,туры по россии,Круизы на теплоходе по Волге из Москвы,,https://yabs.yandex.ru/count/WdmejI_zOoVX2La_0dKJ0EFZY2MSm0cOlM42UZFyj_j0m7i10HtwV2vtzco_S-SDTxv-n-iDTxZHf_DPFvtF4ZTCaAXX9CC8IUY8n1BI22MZeUkC82lITGTCsJnnNLevHYfz13FEqZOm08EEOv4zlMW1JUW2mXKm5i25CKKkG0jZgh00BOmfmWAqCAQY5A25CJLOW1R659G2j32c10lGjeZJolcQa2AZ9fDK949EbrwYIxfz23C_UBq7BeiUdzfssZLrgCPzuxRqwOnARzmfdTfHN6hNKIdKYKkX-HCAdJwZKfi53jP30RBH2VdgNB3SU8cW-8PIU3cVRvW0Du03sC15eClN3D5h5VRJqchOcs4_BQs6RGzPeW1SUggcxBDtL8CruXozHlSqspOSXW-arP0Gm1UCgS40jWxeLjuY7hl7_NkyOCRW8ud-XcGGdBMmDG4bHgm1ewS52plei2OFFGfRJq67cL3-SUCOSbF7Wfbqx1uZPiRe7iQimODS0WIkV4Km0uC28fOpkEJ4DFNevdT3duyVxW3BZm_6q2JbVozy8VdU2rz8FZS35-pl9g2uNyj0q-JFCj0qoJJ7cCqnop5cSymnS-cDMUwxhkiwRRO0fGcIYy8MBxrJsEAbjympNyvPcuJovEyrnxZrOzg34JW_aRNvhzS1pKy8_PRMTIOTqFo4q6l_95GNBO8-wxtkiRXPFT73yXHOFgAPkLAfL0hLQ0MmlPxLCInDA3-G8KSY3tZIGWSN_04FJ0vojT0jeQC83lYAGQygREpjNXJYpaXc6m9baKx_qJnLEhixFBvWzNfyLQI7MPtGIl9hyUpQC_fCbloeHPCbifB5LCu0~2?etext=2202.lPP8dNumDTdkl_VluqL5DNi5VsqkmpLuK9B-iijGu-ZkZ3FsbWVrYmxwcGFkY3Nw.b86ace08a2a399b438176f6797e700fd6a502568&from=yandex.ru%3Bsearch%26%23x2F%3B%3Bweb%3B%3B0%3B&q=%D1%82%D1%83%D1%80%D1%8B+%D0%BF%D0%BE+%D1%80%D0%BE%D1%81%D1%81%D0%B8%D0%B8,yabs.yandex.ru,,28,2025-11-12 16:47:39,False
Яндекс,Яндекс.Директ,туры по россии,Туры в горы,,https://yabs.yandex.ru/count/WdSejI_zOoVX2LbU0aqJ0DCYXIMSm0cOVG9SRvY0tWp_xJuGyC8We4EVp-NEdkrtxdpNryxNxtYzuGuNYLgZY1f24VM86aADP5LAeXB9AFefeXvHGo2nX3IYo4X8QMd8MeEAfAHZ1qpPF75TMZb6Adq4CyxIDZ00WuxZNSqY1GKqeGi8qmLu4oY02sEAN80MnbHX0LeOKuG5Q65CHIb02sDgi00jZ2ae1MXXJ0aMe6qHfvNpDG5e-29Bv8x9wT9BYXY6VGZ_3rxlWSkYnwUsdNPD7QfntxWjVJgZqXjtIgTs59VQTLGATU9IQFw4GgVFgDHcWOFrK81iT4A-EXSiDruhOY3mq41pFjym0Mu01x21ImBi1iHEBEodfTMmDyD-MbeDsnwoH06uz5HDsOWiggz6J8DrNTTrlKRtDDis78OFfDMG4C0NZAd10BOzMAqNWuya-XkIGN3MmjQ4ayWHFaYGmOw57NHOauSUXMqRbsuCkQbZmKmwTeyHCsDq3sE6-NgGIu30bQy8Pc1GGCHo1fUScAOUtVpY13hvuQD4fW-EaUBaVskOVMyDiy_rLFhV2p12vMkNVd4_k_IBOvfZu1QPvHYuHUQOkVHIMEwxhkiwRRO0fGcIYqCLnZzwvr25yO_UqbQ-xBjEpdMU_8C4QY7wCUt12NpPJSdpNzokIbzP7_nAyze_kVrX9OLcvagbKYbKenN0zdfMnx3yGFd3POSB7F2aXGuP_CR21uJiTZ9rK0EdVrvji0ixrtqzVvqvuPpeygALykfPoFecgwNtCDqpakLoOPzZLeu7-hurS9o3Cgsn5eVTNaPqqifP5XtYnkuqGbPM8MaH~2?etext=2202.lPP8dNumDTdkl_VluqL5DNi5VsqkmpLuK9B-iijGu-ZkZ3FsbWVrYmxwcGFkY3Nw.b86ace08a2a399b438176f6797e700fd6a502568&from=yandex.ru%3Bsearch%26%23x2F%3B%3Bweb%3B%3B0%3B&q=%D1%82%D1%83%D1%80%D1%8B+%D0%BF%D0%BE+%D1%80%D0%BE%D1%81%D1%81%D0%B8%D0%B8,yabs.yandex.ru,,29,2025-11-12 16:47:39,False
Яндекс,Яндекс.Директ,туры по россии,Туры по России из Москвы на 1-2-3-4 дня и более...,,https://yabs.yandex.ru/count/WieejI_zOoVX2LdL0kKL0AFcbIMSm0cO4wZY3HFGc-6_tGS2tWi8wD3dSxcpP_kTEs-uy_KxNc-umyrXvoWo4f9XHSgnX3J26eIqP9IK8yaQH1qw-WaI8g8MtQZci1xTKFh9KKKoid73IiFvp54LEifnsqveT9exez0SLI4PEN9KXQWvSbI5WdACOAqMKM_aI5egeKHLIf96fTBdy_cqfT9ycjksKpf4dK73QdH4uWRIaXA99QGHI4PAL2JhaP4IqWWRDco0APidhikhdWnANu94at6Y6GOTHnE8V7nyV7nAO4oH2z32c2eiG0jZYh00BOofA0LeOKmD5g25CGMb02sCAS42j2tYj7A-9leM4A6pCVDokdIVrvAq3-7b1w_tmCrn8AEW2p30O08U261CPt2m7WgGZKx8L-U2vSPBesG3ZHmBdCytJ80Rm05iuEP04VlY5FRJqchOcs4_BQs6BJrLK_PMKOAyrOXpz1hTqspRS1W-a5P3GW1VCAO60zWwe5jv9mWfZFEcNJ1Zy954VqCo2CvQs9h08aUc8xSZWuKTT5Y5SeWoAXvw5BPtJhx4a9iw5ioaO_KOCJD6zp1c3t8950XWHmaIC5qC2eXOpk2I4zFKevjV8Scs7rxkLSe-c8DQsl_2C8dxNXWcSPyxuSVPtt-kq7sjXwcxd_KmTSSqn_WLCiioN9emnxkkwpfjRZw91PvfdjGYwPtcIIsItdf6NwOD3wCy-NS9oYdwCUt124pHKfNvRmbwJMD6lwLrNJ_hDOqPlVP_wN8cy-6pFWCTlZAOAvLAfL2DLeEzRAByIdmMgsLAIpW17lojTpPcdj9r6qcye0c2KxCMAyPKnEVT_CHMOKCKQD-uP1lh30Dj50DzjsJlcyoo03p3WJOvW9aiNIcAQtTffEkLTCVU5SBfbGMMooQ28oDkHj1ap49QD5_aFUh2IZfi5G80~2?etext=&from=&q=,yabs.yandex.ru,,30,2025-11-12 16:47:39,False
Яндекс,Яндекс.Директ,туры по россии,"Туры по России 2025-2026 Отдых, авторские туры...",,https://yabs.yandex.ru/count/WgqejI_zOoVX2Lbu0lqK03DcaYMSm0cO4wZY3HFGc-6_tGS2tWi8wD3dSxcpP_kTEs-uy_KxNc-umpqoKgAHPAtco95a3Q8E7Vq42H5HYsvKSpnpH9tH-mbrtlaJcYEAuqwfT0grfNOE-vPAe_QTuz0SEVI9tzBRjWhzB27z9FtSgFBxYfdycFpgnBeVYHj8IaLBHa4aaf2MZ9H8M8b635bhK96Kbenk0Ew0APidhikhdWnANu94at6Y6GOTHnE8V7nyV7nAO4oH2z32c2eiG0jZYh00BOofA0LeOKmD5g25CGMb02sCAS42j2SYZ-HyJGX6aIo0mmqbfwi4tkC-X9aVlDu3DyU1Z88km0232NWWW36TmS5wA40sEY5VdGkM6wzVEzBtP36GIPpZpSvqGJJfWx3p-OO9S0CuW0tS4NvNLRuuXVsqj1hsPjXFIwjXwu2kxtgDxccsRJWC7qYh8I60BnXJWm5i7T1glvYM-fKiadqNp1Xy9D7Va0o2inQs9gP4SANrhKnOs467LIYNAEjE2bkxBfCOCWOeNGSpwTWzHioCqJsCsODS0WK2s56214mNWm8YbZEuvCGqzUZcju308J_iisk27popzVI_JIU8tzjqWlYvCLZptsykTLzxCxRZPs_6TZ3DCU4oPjd2cW_cUDTrNQVDpIUnm3FTIDDZ2uLkMZHOmoIJCNhNCCbaZDvUVTcBOO6SysIVH549eX_J7dp0bQjpel-MiAXufCjlQLtNpukAHxgyrkDHGV8LwBC-0ns-CfWhbKgbK8rMWxqSGVct86ZwCgKbd1hybRJXlWlSsG4wt83CtQb6ixLyBFK2JG3scI8HchmI3bSmXJcZ9rkAaqMLYlUEzE53p_iwE2ddKN55s7jmfCerGAd8mj2usxB-gMuBX9NRO3S5~2?etext=&from=&q=,yabs.yandex.ru,,31,2025-11-12 16:47:39,False
Яндекс,Яндекс.Директ,туры по россии,Горящие туры по России 2025 из Москвы — от 13 719 ₽,,https://yabs.yandex.ru/count/WpiejI_zOoVX2Ld30sqP06EhfdxDopW1Sm9Ll642UZFyj_j0mFiHqA7Fvt9dp_OxTzvmv-jtlDvmXtl2WXCZMAj5L0tg5onAA0rTgI5-ga8-pnIvZ_DvOWh2YGB4pvra3Q8E7Vq42H5HYsvKSoGP7UM8vlRzpEyyVzgu7RsTqzpEKHMYvgWAoSXH5GhAyVECHgKu58z6eSvdZghGKD6DGvsuZJkbEOQ6g3z7HDNw1f9IqP9HK8sqPAJqKxLQhpKrgVfpHVgftlXH6i5Qf6GqWmHLA2bfgKLjmoWeoMW24bOaew6Z4QmaXgmrg4XA8uQiDQn3J20xOChcYUlogYU3qfSWqMISQ8P1nz448XyV7n-V4XXJv0AqCAOA2z32c28iG0jZAae1MXXJWmLeOKn1AK0BOqgm06sBEAsShmCq0Bpsfn-TqwMNmFsXVGZ_3rxlWNiT7nPEic454HlWc-D0Ha4NO83113mGm9ZEu60z520RdP2lpWNBZHTc2nUgyUAI8c0tEmsAB49AKCxd6oR03U00Dd19x0Wasuc5_RIq6lPcs4zBgs6BGTTtlKRtDDis78OFfDMG4C0NZAd10BOEQBLxp64IAeSNp1Xy9D7Va0o2inQs9g9C9o3_SB31mWuwh4AP-kKhetDmqocOcppqA6pL8grYo4qT2sRIiNgCc1cZUnYp1xa42WImemG9c2u61KGiPt39YMdgqSrlSzlZXpcO3Num1QZzVsEoRjyRatNxt0c1MlvkW97zQpyCAlxiXq55fXc6Z8vPdh3un1mpbzxcSjzrNTTfS_D9BF1SeV1HZDuh53wAqLjQq9SzcThSdoV_87TC9lsOzk04jdhmwF9VdAvijkjMMsAl_PDOTebzFkipqE4hWxbIgLGArMWrs4mZoXyKnMIYJ6a99pByP_xS2BuA2FZgJU2TMfL-kqzTNyh9XYsCvkERVypeaOYI8I4GZEDpluhLq76yVC6uY2-AOK5WKA5jH-3jzQgnJy4-Cjz73ZZBmmmAejgbovwJfbPoK2UXfdw_0MtckmMhuHwuHAKk6N7DyzHeVpsYSJLtb7ew9cPLtjUt45plzcLSSDsVnw8puq1OgQ-7IG00~2?etext=&from=&q=,yabs.yandex.ru,,32,2025-11-12 16:47:40,False
Яндекс,Органика,туры по россии,Туры по России от прямых организаторов 2025-2026,,https://bolshayastrana.com/tury,bolshayastrana.com,,1,2025-11-12 16:47:40,False
Яндекс,Органика,туры по россии,Туры по России все включено. Отдых в России...,,https://tours.tutu.ru/strana/rossiya/,tours.tutu.ru,,2,2025-11-12 16:47:40,False
Яндекс,Органика,туры по россии,Туры по России из Москвы 2025 от туроператора,,https://magput.ru/tours/mnogodnevnye-tury,magput.ru,,3,2025-11-12 16:47:41,False
Яндекс,Органика,туры по россии,Экскурсионный тур в 2025 по России от всех...,,https://sletat.ru/trips/search/ekskursionnyy-tur/,sletat.ru,,4,2025-11-12 16:47:41,False
Яндекс,Органика,туры по россии,Авторские туры по России в 2025 году: цены...,,https://experience.tripster.ru/tours/russia/,experience.tripster.ru,,5,2025-11-12 16:47:41,False
Яндекс,Органика,туры по россии,Экскурсионные туры по России 2025 | Интурист,,https://intourist.ru/info/russia/excursions,intourist.ru,,6,2025-11-12 16:47:41,False
Яндекс,Органика,туры по россии,Туры по России по цене от 2071 руб. из Москвы / 1001...,,https://www.1001tur.ru/russia/,www.1001tur.ru,,7,2025-11-12 16:47:42,False
Яндекс,Органика,туры по россии,Туры по России — путешествия по России — цены 2025...,,https://www.russiadiscovery.ru/tours/,www.russiadiscovery.ru,,8,2025-11-12 16:47:42,False
Яндекс,Органика,туры по россии,"Туры по России 2025, стоимость туров по курортам...",,https://travelata.ru/rossiya,travelata.ru,,9,2025-11-12 16:47:42,False
Яндекс,Органика,туры по россии,Туры по России из Москвы 2025 — цены на туры все...,,https://www.onlinetours.ru/tury/russia,www.onlinetours.ru,,10,2025-11-12 16:47:42,False
Яндекс,Органика,туры по россии,Туры по России 2025 – купить путевки на официальном...,,https://www.coral.ru/main/russia/,www.coral.ru,,11,2025-11-12 16:47:43,False
Яндекс,Яндекс.Директ,туры по россии,Волшебный Новый год 2026 в сердце Суздаля. Экоотель…,,https://yabs.yandex.ru/count/WcqejI_zOoVX2LaQ0lqI0DDYXYMSm0cOlM42UZFyj_j0m7i10HtwV2vtzco_S-SDTxv-n-iDTxX3H4epHbY7g5KSIqbrZRfg9ACEGUX63QCY4abAHTOQLX9BI2E4PWGj3T6m2iq8ejv0Cf91WWHFqf6Iqem5Ti2KpHFNfPLZfD97CECiRGC3CEWuca3au-FZurC2OufSW1R6L641MXXJX0LeOKn5AK0BOsgm02sCAIW5Q65C2HQWFH5v9EThWlopeSnBHucSBhr4gyJkGxZvmUizS5dq-DIsqwwfGpNk6xUbJsTKUkDEwTIEubAxZagXJbmApPzGwFGPbTeiSB0U2f2DJiXNvuBbnkibuvgCO1NYWO5lTZe3gGQ6XfpFDqo06y01RE1wBI3MZh2VbbR3tWpxQMarR7l84WNWqbCrvHcQRHiEmmVIQaW8u0l6r600MngirNunmOG9rVOkc37uIAA_8Ha4PoriJRZTLNLmm1OZ5dRGOKqUOGhR1dQ4OyXDPepkOSmQFCWbGE3ALmGpC2WWOZc3IqvCKuzkVdEm97yu04NSFZY09OZ_Is5Bq_TIsDBqkJDJHFwUWblujGb0UldP122zCCtClJ5cUO8R57EywxgkqsOBK9eWkN9SQUcTWuyiRFJMy_cot-jIwEJ9tyjGIvGVqnwSm9Fa7QB_Udqn29NTRsbTPz8NWr3PlVPFHhaLOVDPBrIZ5S3sUbR7iBnHVXij8F83dhJG0HNy2ZveyXFyuZTsup3btITpYnKRcUDUzV5-jeMT7SLvJ7BqODiwOf-5mb9PIEMro7QlC_P4AWviqHALLrBnrR9rQ0G0~2?etext=2202.lPP8dNumDTdkl_VluqL5DNi5VsqkmpLuK9B-iijGu-ZkZ3FsbWVrYmxwcGFkY3Nw.b86ace08a2a399b438176f6797e700fd6a502568&from=yandex.ru%3Bsearch%26%23x2F%3B%3Bweb%3B%3B0%3B&q=%D1%82%D1%83%D1%80%D1%8B+%D0%BF%D0%BE+%D1%80%D0%BE%D1%81%D1%81%D0%B8%D0%B8,yabs.yandex.ru,,33,2025-11-12 16:47:43,False
Яндекс,Яндекс.Директ,туры по россии,Туры на теплоходах - 2026,,https://yabs.yandex.ru/count/WrGejI_zOoVX2LbZ13KQ04Ehf5F7RW9cdm3N6oQWDyD_kmy4l1CGq5NaD2ftca2Vp-NEdkrtxdpNryxNxtYzuGxtoNFqWsITeMJ4etGqu-Y7-WCau-TvOWh2YG843m2gGYJmL8L-U7Bmv30guaco9b6HPXnLgrHR2ftYjnH_IcsUgj1FbPh3oSDJ5GAISSDA8qV-Z4wTkVEEGfrFdghGJuuSrYAZ8Xvh47NeA0SUlVEezEcKMeMAg3MCa8IAZ920Qgkrg8YAH2B9cYIqX1HK8rbh227LLA6af2MagWmW8XnBrXf0ITAwhkkY4PYCEs3AvedhqienKkaZc76Mje4167GSOKoH2z32c2eiG0jZYh00BOofA0LeOKmD5g25CGMb02sCAS42j2tYj7A-9ln-c2o1ENANqwNx79tuVGZ3VF3ckmVk2ofMdg3ydc0v7E3BeiUdjfrsJHsgST-uBNqwez8RTqgdTXINsdLK2dNYKcZ-X4AdpwZKPe63zL20R7H2lZeNB3TUiJmdIJmev_CD4-06S00RkFWKo3D4hrNOJqkhOM-6_RIq6hOzP8a2SEcfchBl0v9Dz3JRDXo63wJLa1305uofmG2s3kXQBmOVIVGt98FWh8Mj2M-858Y9GPeMTj1X2KJPGM7hAUWm4yf_5_V5a9iw5ioanMfZnCmOtSEODNYGIu30bQy8Pc1GGCHo1fUScAOUtVoAe0Bsmzxh1UM3A_mj_c-C5DZtnaY1VUu4mUxVxSAuh_rGXlhP3sKefdafpcAM9tItTbtNTTfi0KeJ91U58bzTz4wXo5SNlQNxVFbpEOagy-JlnNKrzcFQWn7e4Zd--Y-jwqmw60qDokzuDwlCnJfnAVFQF-dKnjSbLACLmFPwLiVmWvIVSPftUC2J5Zex_0FQGoBy72DGWebLxnROMGu_uWZmdoyj_ZPsKXP73LjWPIJwKqc3sq3bT_RWBNJAIpLPBeLNJGPK4vT1QegUG3x9QrlY3bMq9StEZLxTn1F7agBjGMaC5q5WTXioS3cD-8kdbGC3MWJOpXiCNgIR5oH2Q5jSbXaRqhulyd-Va0cQah9Wbb9_DtfErKSNyDp9-J5SmG_6Qwr9NjlYCJBMU2g4W2gZbe2BGgRxwjFRTmC0~2?etext=2202.lPP8dNumDTdkl_VluqL5DNi5VsqkmpLuK9B-iijGu-ZkZ3FsbWVrYmxwcGFkY3Nw.b86ace08a2a399b438176f6797e700fd6a502568&from=yandex.ru%3Bsearch%26%23x2F%3B%3Bweb%3B%3B0%3B&q=%D1%82%D1%83%D1%80%D1%8B+%D0%BF%D0%BE+%D1%80%D0%BE%D1%81%D1%81%D0%B8%D0%B8,yabs.yandex.ru,,34,2025-11-12 16:47:43,False
Яндекс,Яндекс.Директ,туры по россии,Тур «Релакс» увидеть Северное Сияние - 3 дня 2 ночи,,https://yabs.yandex.ru/count/WcGejI_zOoVX2LaC0hKI05EYWoMSm0cOlM42UZFyj_j0m7i10HtwV2vtzco_S-SDTxv-n-iDTxX9GaDKAv8H41N926c9-ZC2TSYAH689QOGCAv8Lw4QHjRgab2HY1qpPF75TMZb6Adq4CyxIDZ00WuwZ2KG-FZu-FYKmfiW5Q65C5HQWXJ55M80MnbIK0hGmfWOBqCAOWbA05iQKO07Q4v57Shuc464KqNNaP7AwIOfgJH_2CH-ytWENHOzFRJljcZfKuxvnM_fqHgKtxfHExIWkjUke5Eh4fT3y2OLEdr6fpG87ww40sUY4V7KkM6wy8_2IF4N1wh5sTxDVQE6LX87T-Np31BW17C06xirqPzV3AkodfTMmDyD-MbeDsnwoH06uz5HDsTDist0OFf1MGq80Np2c1WFOqc2jzejffckiS-LTC6FmaKH_Gp88pbhOcZZpmI41BMUTXHrqM9D7cCAMZQySGsxgM6QCxc7C6Zp89K3WobS4Cp0e868vWqjEJ5EFRduFOCh-i0UIjlZ17B9S_bU3LTNtQh2g-joRiFdl7mHslpQ65DxFnf32OvffB3nccSBQ8NFCN7gRottNTLsdpHQWD45otKpH4jFxpHGjCRsz-h8lCgTZFTahaI9NvyUq1oEWumZtpt-zliMART5lQLrdqhTOiIrwhKSYnSUJN1Ogv2TrLxeSyWdLQ0MmlPxLCImhAByH34Qq1pnfeGCM_1QBrX8kVEY8Vb54t46p741GbjOfDESjJMT4pJiPc-VZdBS72WSX_pQ8KgHzx5mbjfYv7Xh325m4sAB1pg7mrKItumK0~2?etext=2202.lPP8dNumDTdkl_VluqL5DNi5VsqkmpLuK9B-iijGu-ZkZ3FsbWVrYmxwcGFkY3Nw.b86ace08a2a399b438176f6797e700fd6a502568&from=yandex.ru%3Bsearch%26%23x2F%3B%3Bweb%3B%3B0%3B&q=%D1%82%D1%83%D1%80%D1%8B+%D0%BF%D0%BE+%D1%80%D0%BE%D1%81%D1%81%D0%B8%D0%B8,yabs.yandex.ru,,35,2025-11-12 16:47:43,False
Яндекс,Яндекс.Директ,туры по россии,"Тур на Байкал ""Лёд-2026"" - Спецпредложение до 30.12",,https://yabs.yandex.ru/count/Wi4ejI_zOoVX2LdY0fqL0FEbaIMSm0cOVG9SRvY0tWp_xJuGy5P0G6_0Y12ij2criAm1snBUB5HCcBAao1cWXJwVovqzs-_SUSEThz_nUiCTxcq_UQf2pnDJ44uK87XoM8zkAFrOYuoAUAn1I4j6IJdiAVxCxMVqbaQVKUZpYJkbI4j6IZ_M824IIqWZRbIDXgn4zH2LXX0LgCeEcB9vuhgqSenK-WXcdALjO0067KSJY7nyV7nyIc1CaGlGmfWgB40BOugm02sCgIW5Q65C3HQWXJ45fG0jZ2d10hGjuhHolYO6QwoK62FHcDEbbz1jsJ-49tpmUWzS5Zq-jUsqQ-fGZVl6RUdJ6PNUk5CwjQEurAwZKgWJbqBp9nGwVKQbDWiSh8S2PACJyjMvOBdn_l5aOA5fv7o-OGBS00vW0vS99KpoYrFOJqkhOM-6_RIq6hOzP8a2SEcfchA72Y95hX7dw3MwfzcsuJ1y8As6X02-O4mD1h1rGDTwAtnPOXQyOCRW8ud-XcGGdBMmDL5cXQCaAsU6XHrqM9D7cC8MILWuXjpKiSmOtSEODNYGIu30bQy8Pc1GGCHo1fUScAOUtVpYvSWVzaiCfJwuHhBylpLzXDzRqqVukHm8w_xU0WpsjHT8DVti1L9DJ3CzvODPZX425RFSTrtNTTfi0KeJ95S7AYHQUkz0XKHBR_sRBqyuGrlqv1z4oLER7zCUd42N7fKu__LCQ5YUtloMrdKc9ZGiJszU-oTz35v5yPApf6ID2Ccc2TLe1R2zdjKnB0-LFr0Bq8e3dhJG0IFyT0P2H1S1uEUuBrqGbv2X8VMxzrh01p9xq3BJ5EIOjEoVST4sGDc-gQPiSLnl_A8I_4umtL0faxfLHtWMotYBNluZq-W3i792NiX5QUPLQuYNjgY633Nkco2GG5iHO8ksdVt2LmVOZXS0~2?etext=2202.lPP8dNumDTdkl_VluqL5DNi5VsqkmpLuK9B-iijGu-ZkZ3FsbWVrYmxwcGFkY3Nw.b86ace08a2a399b438176f6797e700fd6a502568&from=yandex.ru%3Bsearch%26%23x2F%3B%3Bweb%3B%3B0%3B&q=%D1%82%D1%83%D1%80%D1%8B+%D0%BF%D0%BE+%D1%80%D0%BE%D1%81%D1%81%D0%B8%D0%B8,yabs.yandex.ru,,36,2025-11-12 16:47:44,False
Яндекс,Яндекс.Директ,туры по россии,rtoperator.ru›-Туры-выходного-дня…,Работаем 17 лет. Скидка до 7%! Доставка бесплатно! · Доставка бесплатно. Работаем 17 лет. Скидка до 7%. Подбор тура,https://yabs.yandex.ru/count/WliejI_zOoVX2LaT0sqN0DCgeoMSm0cOlM42UZFyjviXuBs0W0vzFfSxUxRVkVE6Er-_u_M6EzmSrY2X6jPgZjj-vYWo4f9XHSfXBJ8goc4DGbeoIifXFRgXz9EZYcHauuQLHWueDCzlsvPEdz0SLQ6Z75FdqvaxfpaEpL4Laf4ZHrM8cYD7LIWenmZMQX7rHewafH9ALAKa_CRnwTEMub7RENNYjaszKLIjZMGO5LMDPjoeGU86qf8IYIMa4KX6IbGawv6H4j886pPipEs0APidhan31xoKokQN4LaoI0mwZYOG-VZu-FYKm9WY5w25CLLOW1R65641MXXJKGhGmfWQB40BOmfA0LeOKu85Q5l4QULyJV11YJ-0Ge4ffvjKrHN7eiUdjfrsJHsgyOJYq-ZJQKEdDlx4yJjtHkqw2hrpQ5JglA7GwJCgjLdWO3qK81kTaA_E1SkDrm86E01XqilvVCC4k04Sm0Pk3XInBqvXFosjXhqPzjFIQjZI0d3fgPgojueIvAr6xFLThz4voFdr0RBfGgZGS9iqspOSXW-arP0Gm1UCgS40jWxeLjuYGWhZl6aNp1Xy9D7Va0o2inQs9WgLImK-6E2si8CEQ_88KzZUEVaIGsxgM32JZjLZnCmOdOOnQ_0Who18XzlyWa414SiPN79YcdfqypirQFN3pAuT-OC9m8hytmnoYT-RGIxnSpLW8VcxntxBNmk1dvAVXS1F2TFCV0nZbfcFOSmnS-drKvfyytPTrtNQR05A4oGNtSYanp8qcEP9BPBUQPxK8kajtUNBjE5Xb2TxlYmTaNvCU_01ZbC8mVmNn-2k0yzlQLtN8mTt7NXUwu-KAI4ayrdFp9LAfLAeHgk0xNLTny0SGFbHu476tV3W2aKT_AidQvRWhsoSh4jWvOXfk50hNfOB_LRJ_A14ZCYApOgUKbA0oCO5eeoiCDxr2vVeLpNYGwQi_3v1dnzhRfTNThqffww7hDQ1E0_vPawmHLgCosSiVbHNAhAo3LMB~2?etext=2202.29KUDIM5FwpAPPXSEhg1JYpcqdEncd5xUgp9j_kof8lsaWFmcWZpcnl3Z3FkemNh.4b9a096881eeefae8e00f90807415cdfa0e4aac5&from=yandex.ru%3Bsearch%3Bweb%3B%3B0%3B&q=%D1%82%D1%83%D1%80%D1%8B+%D0%BF%D0%BE+%D1%80%D0%BE%D1%81%D1%81%D0%B8%D0%B8,yabs.yandex.ru,,1,2025-11-12 16:47:52,False
Яндекс,Яндекс.Директ,туры по россии,drugoymagadan.ru›Авторский тур по Колыме! Все включено!,"Авторский тур по Колыме. Все включено: трансфер, питание, проживание, экскурсии... · Ранее бронирование. до 31.12.25",https://yabs.yandex.ru/count/We4ejI_zOoVX2Laf0fqJ0CCaZ2MSm0cOlM42UZFyjviXuBs0W0v1ZXFbJXFeyxdSsRFzpfqttFdw7QyttE7EI1AgOOH4moYfbc55iWAHM48QKKIjKcLGYMuOoLX2gXwm0wPidhWo3HtmKYgRNqPaoI0nw3YQGEJZu-FZKwB3L8HnqR609dG1ORe0Rm85S65CaGlGmfWgB40BOugm02sCgIW5Q65C3HQWXJ45fG0jZ2d10hGjuhHolYR66tmcv710IawNxaE4GyAYnwUsdNPD7QhnXEBJwDDfGwSs_iJnEtT6xJeAlNDeLEgyeT3fCogrMU1WFHGW6vsGhyu5outN7mdJeaKcNEEctUnhMBmmWrNdymqJu0Pm01kuU1qKDpkni9-MLiFU3FjfQJLiQG6ujAxhkrwZSv3pwmDaquLGeU4sQRPjE0mVIAiX8O0l65E30MmTq6ftc2Wwp9e8BvWn-4YYlo4P16SjR4r0cN2suzt1ix233clo25FOUWewp8IoXI9pVp7afeu5C-dOFKRCZD5f6BC63_8AWdIupIyO512ndC4b9wQfHpU_FuRQ7wRDJD8-E4TiwdznoAPyBmxPbCybG3Blxm6GrFArHcXwFsk4fiSqCtM8CSjC7MAxhkiwRRO0fGcIYsvaqcCP6Zm0jeiOlG-0xI96RtFuiXS_PW5xyWSI2GVsOzg34O3yYjBclrv7ozET_9RMTIOTBKztyje_YGrJ2VgiP-PAfL8fLADLmFQwhcDO8g3yUXdSL6vuS8KY5Fpc5F37McrtnS5mKu3Y8iHDbOL13g9lElJ7bHTvBTW39CX37uhdMekyjCLZPAZH5K6GLAx-MUYe90woaikEkW00~2?etext=2202.29KUDIM5FwpAPPXSEhg1JYpcqdEncd5xUgp9j_kof8lsaWFmcWZpcnl3Z3FkemNh.4b9a096881eeefae8e00f90807415cdfa0e4aac5&from=yandex.ru%3Bsearch%3Bweb%3B%3B0%3B&q=%D1%82%D1%83%D1%80%D1%8B+%D0%BF%D0%BE+%D1%80%D0%BE%D1%81%D1%81%D0%B8%D0%B8,yabs.yandex.ru,,2,2025-11-12 16:47:53,False
Яндекс,Яндекс.Директ,туры по россии,1001tur.ru›russia/,"Мы проясним для вас любые вопросы: маршрут, цены, транспорт. Подобрать тур по России с вылетом из Москвы или из любого другого региона вы также...",https://www.1001tur.ru/russia/,1001tur.ru›russia/,,3,2025-11-12 16:47:53,False
Яндекс,Яндекс.Директ,туры по россии,onlinetours.ru›Все страны›Россия — поиск тура от всех туроператоров 2025,"Как выбрать и купить тур в Россию. Туры в Россию – это богатая экскурсионная программа, беззаботный пляжный и активный горнолыжный отдых.",https://www.onlinetours.ru/tury/russia,www.onlinetours.ru,,4,2025-11-12 16:47:53,False
Яндекс,Яндекс.Директ,туры по россии,travelata.ru›Все страны,Туры по России. Правила визирования по странам. Страна. Тип визы. ... Количество отелей в Россию из Москвы: найдено 25 отелей.,https://travelata.ru/rossiya,travelata.ru,,5,2025-11-12 16:47:53,False
Яндекс,Соцсети,туры по россии,vk.com›bolshayastrana,Подобрать тур: https://bolshayastrana.com/tury 8000+ туров и круизов по...,https://vk.com/bolshayastrana,vk.com›bolshayastrana,,0,2025-11-12 16:47:53,False
Яндекс,Яндекс.Директ,туры по россии,alean.ru›tours/rossiya/,Забронировать и купить путевку по России по выгодным ценам. Большой выбор туров с перелетом от туроператора Алеан.,https://www.alean.ru/tours/rossiya/,alean.ru›tours/rossiya/,,6,2025-11-12 16:47:53,False
Яндекс,Яндекс.Директ,туры по россии,101hotels.com›Туры по России,Туры по России 2025: бронируйте отдых в доступных городах страны напрямую на 101Hotels.com! Мы 24/7 оказываем помощь в подборе тура и...,https://101hotels.com/tours/russia,101hotels.com,,7,2025-11-12 16:47:53,False
Яндекс,Яндекс.Директ,туры по россии,coral.ru›main/russia/,"Купить путевку по России от надежного туроператора CORAL TRAVEL! Удобные вылеты, большой выбор отелей, бронирование онлайн...",https://www.coral.ru/main/russia/,coral.ru›main/russia/,,8,2025-11-12 16:47:53,False
Яндекс,Яндекс.Директ,туры по россии,travel.rzd.ru›tours/country/russia,"Большой выбор авторских туров по интересным маршрутам. Наши гиды - историки, местные жители и просто фанаты своего дела. Получайте новые...",https://travel.rzd.ru/tours/country/russia,travel.rzd.ru›tours/country/russia,,9,2025-11-12 16:47:54,False
Яндекс,Яндекс.Директ,туры по россии,tourtrans.ru›actual/russia/,Экскурсионные туры по всей России от ведущего туроператора. Выезды на 2024 год. Большой выбор маршрутов из Москвы и Санкт-Петербурга.,https://www.tourtrans.ru/actual/russia/,tourtrans.ru›actual/russia/,,10,2025-11-12 16:47:54,False
Яндекс,Яндекс.Директ,туры по россии,vand.ru›Туры по России,"Популярные туры по России из Москвы — путешествия в северную столицу, поездки в Калининград и Великий Новгород.",https://vand.ru/page/russia-tours/,vand.ru,,11,2025-11-12 16:47:54,False
Яндекс,Яндекс.Директ,туры по россии,river.sputnik-germes.ru›Круизы по Волге Со Спутник-Гермес…,"Узнайте, как выгодно отдохнуть на теплоходе. Выбирайте каюты и заказывайте тур!",https://yabs.yandex.ru/count/WgqejI_zOoVX2LcW0lqK08FcaIMSm0cOlM42UZFyjviXuBs0WFv012AKEqsWp-ToPy_sEtVUSEVhTxpUS8UBtrCxnv-tBOtUKLoAsqxfD0grdoIEPXoDe2ejKMae9GaDaLX26f5a9KAoogXf21KfBHqbZK2orX120h83fcoUk38D7V1IAfjVHcJ9837eE9f0vEFZu-DJ0cEAN80MnbHX0LeOKuG5Q65CHIb02sDgi00jZ2ae1MXXJ0aMe6qHfvNpDM6-KP8eOdkHqwNxrBp6B7fyQjjfrzIX6ayeFeq-dJPqQkDF7BzpPzIkez0xXqQbpXiAdJwZKfi53jP30RBH2VdgNB3SUA68NR2L8ePTxcxsBppCF2sgpkSR9i0Du00sSEr7n36YrohifwNLi3V3VbfQ3LjQ02uzLLDsGDUPz5slqJd8-VK1ikb2gD1mcpJRDXo63wJLa1305uofmG2s5cYnt2yCOGSiNA_Nw_Kg8mxhNyeNp1Xy9D7Va0o2inQs9jpkgZeuO8iH2plei2QFC8Mjfw33J2Ylu3R6a9iw5ioaO_SOCJD6fs7C6Zp8AmZIuJQ_O510n786bvoOfXxT_5ueylN39NGd7mnZCF9_JT05Vgy9ki3FPP55vUzqaohor_ekuoy_wxkClp3D_eeBi-mPZJJvvkswhkkqsGAK9aWkkf59ZsLeiC_o8zFxXZjTIs-NTRxisvGaEVFat_K5oDQFQGz6W4eK97F-My8VbRSklwLrNJ__KNdhyjh_nSjO4w7F-gPGZLO1s-kwZc6vA_y90wfutF3W2aKR_0R31uJjLWrtpB_JZBw6FWDu2pBn-UI7XzMSIgF2IOKnDGLOM9SQLvRiv1y1cvH05DSJxowtFuOQv8C2YVtWYRRuZNWQpwtsbG9GNfvJcg-UEdyt~2?etext=2202.29KUDIM5FwpAPPXSEhg1JYpcqdEncd5xUgp9j_kof8lsaWFmcWZpcnl3Z3FkemNh.4b9a096881eeefae8e00f90807415cdfa0e4aac5&from=yandex.ru%3Bsearch%3Bweb%3B%3B0%3B&q=%D1%82%D1%83%D1%80%D1%8B+%D0%BF%D0%BE+%D1%80%D0%BE%D1%81%D1%81%D0%B8%D0%B8,yabs.yandex.ru,,12,2025-11-12 16:47:54,False
Яндекс,Яндекс.Директ,туры по россии,азимут-тур.рф›Туры-на-теплоходах-2...,Выгодные Круизы Без Наценок. Подбор За 15 Мин. Есть Скидки и Рассрочка,https://yabs.yandex.ru/count/Ws4ejI_zOoVX2Lbi19qQ04Cig4yTu0JCFW6kDqn0RuR_TZC4l1CGq5NaD2ftca2Vp-NEdkrtxdpNryxNxtYzuGxtoNFqWsITeMGqu-Y7-WCau-TvOWh2YG843m2gGYJmL8L-U7Bmv30guaco9b6HPXnLgzId53h5Rod-bDeyLQ6VAZM7auUdAWGauuQLHexy6PqwS-STXJgVF5MXdnmvh4L6HJpM8EhGKGuyUkTHwTCfjGeLKMiO8GaL6I41rLPhKH4LYKIIDKbe2IceHhBM44AggK99IKj8LHb0H3YMh3M0agHrNTT58p0PTy2KpHDNfg43Nafbyyk8B1aa1Xr765Fa0hGmfWeBqCAO8Yn02sCgIW5Q65E31MXXJ44fG0jZIh00ROiuhPol2RyWWr_8Qq5Eb-vpTEBt8SpyuCrt3zmNLAmyGVazmN8um9T5ZqzjE-sQEbJZ2SMdqQVJXavj_8dZT-wCsdKKUkVGgDHvGw7JPrHgiy31UYX0DZeXNvqBbXil3hj7A6HSpkSR9i0Du00sSF4fa6U8NgkmdvPMmzuC-sbfDMnf0RZqL4tPzm799dAGy-i3PDE5KA7XDccsRJWC7qYh8I60BnXJWm5i7T2rNWm-akXlI0R1MGjR4zuGAH0JWpGjxA334eYoWyBMKz1X9fJ_BkwB8JTrB9X9YzLZnCmOdOOnQ_0Who18XzlyWa414SiPN79Ycdfqyok22jWFUwyNb0-ke8ZrlnNwoDzReO_ykHTw2FxzANVrjVOIj9-rbw0npKkfBMPvQMLjrtLTfyqMe3H1Sj6DJ7eiGuCf5FdgedSAHRwww2tTvykVoqbKcIT_BwwhiH_J7en0byZnrtzfNMVImMXeMR_ZtQmo5-l4HSnh_wHJ6rzNKwX6gu3jTLt7y8UK_oO53Vc61rSe0Zly3Df38lmb8z26YLLy2tGd0q8S3O-pHeRNe5qvDimEdciPmx8i4PGR342UNNMApg6UJGYFyFB9CBJYmfZ-6XJ8CTaCLDnDaxO47dChO3SLxxZUQdlIo72yNfXTpmnykH7N5ciLX41N2Pk0nSDRqtf129bjjz5wOxti04Qk03YAqrnIcJ8rb-4pXrFLnXxm2DxyM4237o8u5WUbjaLkDzPO5o5m0oo0EbRgzjLvvzS4~2?etext=2202.29KUDIM5FwpAPPXSEhg1JYpcqdEncd5xUgp9j_kof8lsaWFmcWZpcnl3Z3FkemNh.4b9a096881eeefae8e00f90807415cdfa0e4aac5&from=yandex.ru%3Bsearch%3Bweb%3B%3B0%3B&q=%D1%82%D1%83%D1%80%D1%8B+%D0%BF%D0%BE+%D1%80%D0%BE%D1%81%D1%81%D0%B8%D0%B8,yabs.yandex.ru,,13,2025-11-12 16:47:54,False
Яндекс,Яндекс.Директ,туры по россии,doninturflot.com›Круизы-на-теплоходе...,Речные круизы на теплоходе «Игорь Стравинский» от компании «Донинтурфлот» · Программа лояльности. Комфортные каюты. Опытный экипаж,https://yabs.yandex.ru/count/WjWejI_zOoVX2Ldz0bKM0ADdbqDxPWcOlM42UZFyjviXuFq8wD3dSxcpP_kTEs-uy_KxNc-umxr_aAmpb8n-xAdJ-PJUJwZzZERG-odDxHyS02GOAIrHwwGZeHb9Lnf9HK8rg4XAIJz8HZA4wYEX6KH6GIEKZ8QkI4jAHK95HbNj3fYoUUBAD7J0IwbiVXcH9OF4eEDe0f6FZu-FJuaEKv4fGnKKq8Gk85m1Om5S65Fa0hGmfWeBqCAO8Yn02sCgIW5Q65E31MXXJ44fG0jZIh00ROiuhPolYSFgq9c688WvtQKmEIeVml-3rtlWqd2YI6S86RKbS80lYnwVsdRQDNMenXEAJwDFfmsTslWJn-_S6RNhAFJEeL6fyuP2fy-er6Q1W_LGW6nqGhuw5omttXnlJOxbCJSknvkTxiUG9itA-Np31BW17C06hW9yOqyGlLPXFosjXhqPzjFIQjZI0d0jq7LThz4voFdr0RBfGgZGS9iqspOSXW-arP0Gm1UCgS40jWvejNlYzNgzNgyOV2JHtv0CWhCMjYREV718GCjPPs477TRa4QQmzL8MGsxgM32JZjrZnCmOdOOnmtmzo2i8qk4sls1GGCHo1fUScAOUtVnM0DNrm_GRPDa7vmWk-L-SEBtlnOdJ-zm2hgJ-xdKcQLzhn0NkPusum37DVZl7BDDrLymnS-bjxhgkwxJP0fGcI2wwaKcFPMWm1oIGWFJE0Gaa8Brbblcov_goCkZ9teyfRUl7j0SZG2HEpj5_RozTp62cjC8kh_rVf63HTUbHQ2Jg2ziL6s5Jg4QhWErrNSUm_ABy3UHqDRdXmHMA8loLAuKC1nI__Xqa_zXQiGqCEFBQEGTibxLZchnJhjgMpCXtYiIpa01Ljv42djBiFxalOcH_bF50VRBP1ul8ooBvi2jx3lGMeAzZhiy3_O0FkX08jN5nBUgZtenJQ-odPtLAflFLo7Dq1G00~2?etext=2202.29KUDIM5FwpAPPXSEhg1JYpcqdEncd5xUgp9j_kof8lsaWFmcWZpcnl3Z3FkemNh.4b9a096881eeefae8e00f90807415cdfa0e4aac5&from=yandex.ru%3Bsearch%3Bweb%3B%3B0%3B&q=%D1%82%D1%83%D1%80%D1%8B+%D0%BF%D0%BE+%D1%80%D0%BE%D1%81%D1%81%D0%B8%D0%B8,yabs.yandex.ru,,14,2025-11-12 16:47:54,False
Яндекс,Яндекс.Директ,туры по россии,vodohod.com›Восточная-сказка…,17 ноября 2025 (Пн)-20 ноября 2025 (Чт) ВодоходЪ,https://yabs.yandex.ru/count/WjuejI_zOoVX2Ld-0eKM09EfdIMSm0cOVG9SRvY0tWp_xMO8U2SWe3_GH5RkD84-dykTFTllt7d3dQ_VyNh37UuFahMeYEfpj6I4z02ILIc9Ea4IqW-EsrBxnftI7tiAVTfGF8_UqXKk9lXPyGBwT3xh6aP5jTIkYOIGg3Jg4AXAIKj4TTLeXj7GaLM91FJfV998iYO9BI45aI0o2XfHDPfXL3MgGVFO0LCsJroPXWvuAPNDBoEoP90OT1nD8FBnyV7nAO4nHIv02sEgi00jZ2d20hGmfg8Ke8KnDLY05iOKb0AqCAO42z2sYDFA-PeGUo11y-zqoEdII-x4H3w4cn-ytWFNVo6NP3asDPc53V1bqUDJsqwxfWxLU4BnQVJfjA5J6t_Y-9qxetOTXTuvD2frtb3ez1cLsYnmi1uAa8rEo5VdWkN6UuJgXZT6uto-OGBS00vW0tS3TaeXeXShxAUbrR0tmtvQMWrRMW0kFLLJBa9ix54ZTY2hwtgDpa7Ehm-GJHT2XORRfDcsuJ1y8As6X02-O4mD1h3jmMgz67maqT-G38Ap5hOcognmb6JbpB2mWmvB84gMmjPJq64cbFyE5KDkwbWmanQhnuYPCJeDOzRWGLv1a0wt-GM30YAMCxZan3JrwERNWf_M3q-HQFdWfMFtVvUDt-zTDdu_byaaojylSBDVUs47_DaBEo3Jl0J_O9PXejWnnyobDsRNTLsdpHQWD45oqOrCUYn3Woc0f-YT0dYAtj9cNnPWsyJAat-GCPVNZsaFJi0hKica_zAwpiGqP14Cqkzu7TVO60lLXUUrVpBhCUyyPk8IHGTP3pEnfb2DLW7RwxgEOJcf_2o8ZCdSyE0AHHty4aSUmKAicvMtfqeC9RbjOqwxjaF5bbKUPSsetjP0D2bhZB6oqnSveKyQ1rz6MNAIB9_TP4AT1JOyGYNOGrszFGaJMxnP6ngDj_AVALovFj1N7xai7m00~2?etext=2202.29KUDIM5FwpAPPXSEhg1JYpcqdEncd5xUgp9j_kof8lsaWFmcWZpcnl3Z3FkemNh.4b9a096881eeefae8e00f90807415cdfa0e4aac5&from=yandex.ru%3Bsearch%3Bweb%3B%3B0%3B&q=%D1%82%D1%83%D1%80%D1%8B+%D0%BF%D0%BE+%D1%80%D0%BE%D1%81%D1%81%D0%B8%D0%B8,yabs.yandex.ru,,15,2025-11-12 16:47:54,False
Яндекс,Яндекс.Директ,туры по россии,Туры по России от Туроператор «Русь» — Предоплата 30%!,,https://yabs.yandex.ru/count/WliejI_zOoVX2LaT0sqN0DCgeoMSm0cOlM42UZFyjviXuBs0W0vzFfSxUxRVkVE6Er-_u_M6EzmSrY2X6jPgZjj-vYWo4f9XHSfXBJ8goc4DGbeoIifXFRgXz9EZYcHauuQLHWueDCzlsvPEdz0SLQ6Z75FdqvaxfpaEpL4Laf4ZHrM8cYD7LIWenmZMQX7rHewafH9ALAKa_CRnwTEMub7RENNYjaszKLIjZMGO5LMDPjoeGU86qf8IYIMa4KX6IbGawv6H4j886pPipEs0APidhan31xoKokQN4LaoI0mwZYOG-VZu-FYKm9WY5w25CLLOW1R65641MXXJKGhGmfWQB40BOmfA0LeOKu85Q5l4QULyJV11YJ-0Ge4ffvjKrHN7eiUdjfrsJHsgyOJYq-ZJQKEdDlx4yJjtHkqw2hrpQ5JglA7GwJCgjLdWO3qK81kTaA_E1SkDrm86E01XqilvVCC4k04Sm0Pk3XInBqvXFosjXhqPzjFIQjZI0d3fgPgojueIvAr6xFLThz4voFdr0RBfGgZGS9iqspOSXW-arP0Gm1UCgS40jWxeLjuYGWhZl6aNp1Xy9D7Va0o2inQs9WgLImK-6E2si8CEQ_88KzZUEVaIGsxgM32JZjLZnCmOdOOnQ_0Who18XzlyWa414SiPN79YcdfqypirQFN3pAuT-OC9m8hytmnoYT-RGIxnSpLW8VcxntxBNmk1dvAVXS1F2TFCV0nZbfcFOSmnS-drKvfyytPTrtNQR05A4oGNtSYanp8qcEP9BPBUQPxK8kajtUNBjE5Xb2TxlYmTaNvCU_01ZbC8mVmNn-2k0yzlQLtN8mTt7NXUwu-KAI4ayrdFp9LAfLAeHgk0xNLTny0SGFbHu476tV3W2aKT_AidQvRWhsoSh4jWvOXfk50hNfOB_LRJ_A14ZCYApOgUKbA0oCO5eeoiCDxr2vVeLpNYGwQi_3v1dnzhRfTNThqffww7hDQ1E0_vPawmHLgCosSiVbHNAhAo3LMB~2?etext=2202.29KUDIM5FwpAPPXSEhg1JYpcqdEncd5xUgp9j_kof8lsaWFmcWZpcnl3Z3FkemNh.4b9a096881eeefae8e00f90807415cdfa0e4aac5&from=yandex.ru%3Bsearch%3Bweb%3B%3B0%3B&q=%D1%82%D1%83%D1%80%D1%8B+%D0%BF%D0%BE+%D1%80%D0%BE%D1%81%D1%81%D0%B8%D0%B8,yabs.yandex.ru,,16,2025-11-12 16:47:55,False
Яндекс,Яндекс.Директ,туры по россии,Авторский тур по Колыме! Все включено!,,https://yabs.yandex.ru/count/We4ejI_zOoVX2Laf0fqJ0CCaZ2MSm0cOlM42UZFyjviXuBs0W0v1ZXFbJXFeyxdSsRFzpfqttFdw7QyttE7EI1AgOOH4moYfbc55iWAHM48QKKIjKcLGYMuOoLX2gXwm0wPidhWo3HtmKYgRNqPaoI0nw3YQGEJZu-FZKwB3L8HnqR609dG1ORe0Rm85S65CaGlGmfWgB40BOugm02sCgIW5Q65C3HQWXJ45fG0jZ2d10hGjuhHolYR66tmcv710IawNxaE4GyAYnwUsdNPD7QhnXEBJwDDfGwSs_iJnEtT6xJeAlNDeLEgyeT3fCogrMU1WFHGW6vsGhyu5outN7mdJeaKcNEEctUnhMBmmWrNdymqJu0Pm01kuU1qKDpkni9-MLiFU3FjfQJLiQG6ujAxhkrwZSv3pwmDaquLGeU4sQRPjE0mVIAiX8O0l65E30MmTq6ftc2Wwp9e8BvWn-4YYlo4P16SjR4r0cN2suzt1ix233clo25FOUWewp8IoXI9pVp7afeu5C-dOFKRCZD5f6BC63_8AWdIupIyO512ndC4b9wQfHpU_FuRQ7wRDJD8-E4TiwdznoAPyBmxPbCybG3Blxm6GrFArHcXwFsk4fiSqCtM8CSjC7MAxhkiwRRO0fGcIYsvaqcCP6Zm0jeiOlG-0xI96RtFuiXS_PW5xyWSI2GVsOzg34O3yYjBclrv7ozET_9RMTIOTBKztyje_YGrJ2VgiP-PAfL8fLADLmFQwhcDO8g3yUXdSL6vuS8KY5Fpc5F37McrtnS5mKu3Y8iHDbOL13g9lElJ7bHTvBTW39CX37uhdMekyjCLZPAZH5K6GLAx-MUYe90woaikEkW00~2?etext=2202.29KUDIM5FwpAPPXSEhg1JYpcqdEncd5xUgp9j_kof8lsaWFmcWZpcnl3Z3FkemNh.4b9a096881eeefae8e00f90807415cdfa0e4aac5&from=yandex.ru%3Bsearch%3Bweb%3B%3B0%3B&q=%D1%82%D1%83%D1%80%D1%8B+%D0%BF%D0%BE+%D1%80%D0%BE%D1%81%D1%81%D0%B8%D0%B8,yabs.yandex.ru,,17,2025-11-12 16:47:55,False
Яндекс,Органика,туры по россии,Туры по России по цене от 2071 руб. из Москвы / 1001...,,https://www.1001tur.ru/russia/,www.1001tur.ru,,1,2025-11-12 16:47:55,False
Яндекс,Органика,туры по россии,Туры по России из Москвы 2025 — цены на туры все...,,https://www.onlinetours.ru/tury/russia,www.onlinetours.ru,,2,2025-11-12 16:47:55,False
Яндекс,Органика,туры по россии,"Туры по России 2025, стоимость туров по курортам...",,https://travelata.ru/rossiya,travelata.ru,,3,2025-11-12 16:47:56,False
Яндекс,Соцсети,туры по россии,Большая Страна – путешествия по России — ВКонтакте,,https://vk.com/bolshayastrana,vk.com,,0,2025-11-12 16:47:56,False
Яндекс,Органика,туры по россии,Туры по России с перелетом 2025 — цены от...,,https://www.alean.ru/tours/rossiya/,www.alean.ru,,4,2025-11-12 16:47:56,False
Яндекс,Органика,туры по россии,Туры по России — найти недорогие отели для отдыха...,,https://101hotels.com/tours/russia,101hotels.com,,5,2025-11-12 16:47:56,False
Яндекс,Органика,туры по россии,Туры по России 2025 – купить путевки на официальном...,,https://www.coral.ru/main/russia/,www.coral.ru,,6,2025-11-12 16:47:57,False
Яндекс,Органика,туры по россии,"Туры в России - Цены, бронирование",,https://travel.rzd.ru/tours/country/russia,travel.rzd.ru,,7,2025-11-12 16:47:57,False
Яндекс,Органика,туры по россии,Экскурсионные туры по России - ТурТрансВояж,,https://www.tourtrans.ru/actual/russia/,www.tourtrans.ru,,8,2025-11-12 16:47:57,False
Яндекс,Органика,туры по россии,Туры по России – цены на путевки и отдых в России от...,,https://vand.ru/page/russia-tours/,vand.ru,,9,2025-11-12 16:47:57,False
Яндекс,Яндекс.Директ,туры по россии,Круизы по Волге Со Спутник-Гермес. Из Москвы в Казань и…,,https://yabs.yandex.ru/count/WgqejI_zOoVX2LcW0lqK08FcaIMSm0cOlM42UZFyjviXuBs0WFv012AKEqsWp-ToPy_sEtVUSEVhTxpUS8UBtrCxnv-tBOtUKLoAsqxfD0grdoIEPXoDe2ejKMae9GaDaLX26f5a9KAoogXf21KfBHqbZK2orX120h83fcoUk38D7V1IAfjVHcJ9837eE9f0vEFZu-DJ0cEAN80MnbHX0LeOKuG5Q65CHIb02sDgi00jZ2ae1MXXJ0aMe6qHfvNpDM6-KP8eOdkHqwNxrBp6B7fyQjjfrzIX6ayeFeq-dJPqQkDF7BzpPzIkez0xXqQbpXiAdJwZKfi53jP30RBH2VdgNB3SUA68NR2L8ePTxcxsBppCF2sgpkSR9i0Du00sSEr7n36YrohifwNLi3V3VbfQ3LjQ02uzLLDsGDUPz5slqJd8-VK1ikb2gD1mcpJRDXo63wJLa1305uofmG2s5cYnt2yCOGSiNA_Nw_Kg8mxhNyeNp1Xy9D7Va0o2inQs9jpkgZeuO8iH2plei2QFC8Mjfw33J2Ylu3R6a9iw5ioaO_SOCJD6fs7C6Zp8AmZIuJQ_O510n786bvoOfXxT_5ueylN39NGd7mnZCF9_JT05Vgy9ki3FPP55vUzqaohor_ekuoy_wxkClp3D_eeBi-mPZJJvvkswhkkqsGAK9aWkkf59ZsLeiC_o8zFxXZjTIs-NTRxisvGaEVFat_K5oDQFQGz6W4eK97F-My8VbRSklwLrNJ__KNdhyjh_nSjO4w7F-gPGZLO1s-kwZc6vA_y90wfutF3W2aKR_0R31uJjLWrtpB_JZBw6FWDu2pBn-UI7XzMSIgF2IOKnDGLOM9SQLvRiv1y1cvH05DSJxowtFuOQv8C2YVtWYRRuZNWQpwtsbG9GNfvJcg-UEdyt~2?etext=2202.29KUDIM5FwpAPPXSEhg1JYpcqdEncd5xUgp9j_kof8lsaWFmcWZpcnl3Z3FkemNh.4b9a096881eeefae8e00f90807415cdfa0e4aac5&from=yandex.ru%3Bsearch%3Bweb%3B%3B0%3B&q=%D1%82%D1%83%D1%80%D1%8B+%D0%BF%D0%BE+%D1%80%D0%BE%D1%81%D1%81%D0%B8%D0%B8,yabs.yandex.ru,,18,2025-11-12 16:47:58,False
Яндекс,Яндекс.Директ,туры по россии,Туры на теплоходах - 2026,,https://yabs.yandex.ru/count/Ws4ejI_zOoVX2Lbi19qQ04Cig4yTu0JCFW6kDqn0RuR_TZC4l1CGq5NaD2ftca2Vp-NEdkrtxdpNryxNxtYzuGxtoNFqWsITeMGqu-Y7-WCau-TvOWh2YG843m2gGYJmL8L-U7Bmv30guaco9b6HPXnLgzId53h5Rod-bDeyLQ6VAZM7auUdAWGauuQLHexy6PqwS-STXJgVF5MXdnmvh4L6HJpM8EhGKGuyUkTHwTCfjGeLKMiO8GaL6I41rLPhKH4LYKIIDKbe2IceHhBM44AggK99IKj8LHb0H3YMh3M0agHrNTT58p0PTy2KpHDNfg43Nafbyyk8B1aa1Xr765Fa0hGmfWeBqCAO8Yn02sCgIW5Q65E31MXXJ44fG0jZIh00ROiuhPol2RyWWr_8Qq5Eb-vpTEBt8SpyuCrt3zmNLAmyGVazmN8um9T5ZqzjE-sQEbJZ2SMdqQVJXavj_8dZT-wCsdKKUkVGgDHvGw7JPrHgiy31UYX0DZeXNvqBbXil3hj7A6HSpkSR9i0Du00sSF4fa6U8NgkmdvPMmzuC-sbfDMnf0RZqL4tPzm799dAGy-i3PDE5KA7XDccsRJWC7qYh8I60BnXJWm5i7T2rNWm-akXlI0R1MGjR4zuGAH0JWpGjxA334eYoWyBMKz1X9fJ_BkwB8JTrB9X9YzLZnCmOdOOnQ_0Who18XzlyWa414SiPN79Ycdfqyok22jWFUwyNb0-ke8ZrlnNwoDzReO_ykHTw2FxzANVrjVOIj9-rbw0npKkfBMPvQMLjrtLTfyqMe3H1Sj6DJ7eiGuCf5FdgedSAHRwww2tTvykVoqbKcIT_BwwhiH_J7en0byZnrtzfNMVImMXeMR_ZtQmo5-l4HSnh_wHJ6rzNKwX6gu3jTLt7y8UK_oO53Vc61rSe0Zly3Df38lmb8z26YLLy2tGd0q8S3O-pHeRNe5qvDimEdciPmx8i4PGR342UNNMApg6UJGYFyFB9CBJYmfZ-6XJ8CTaCLDnDaxO47dChO3SLxxZUQdlIo72yNfXTpmnykH7N5ciLX41N2Pk0nSDRqtf129bjjz5wOxti04Qk03YAqrnIcJ8rb-4pXrFLnXxm2DxyM4237o8u5WUbjaLkDzPO5o5m0oo0EbRgzjLvvzS4~2?etext=2202.29KUDIM5FwpAPPXSEhg1JYpcqdEncd5xUgp9j_kof8lsaWFmcWZpcnl3Z3FkemNh.4b9a096881eeefae8e00f90807415cdfa0e4aac5&from=yandex.ru%3Bsearch%3Bweb%3B%3B0%3B&q=%D1%82%D1%83%D1%80%D1%8B+%D0%BF%D0%BE+%D1%80%D0%BE%D1%81%D1%81%D0%B8%D0%B8,yabs.yandex.ru,,19,2025-11-12 16:47:58,False
Яндекс,Яндекс.Директ,туры по россии,Круизы на теплоходе по рекам России,,https://yabs.yandex.ru/count/WjWejI_zOoVX2Ldz0bKM0ADdbqDxPWcOlM42UZFyjviXuFq8wD3dSxcpP_kTEs-uy_KxNc-umxr_aAmpb8n-xAdJ-PJUJwZzZERG-odDxHyS02GOAIrHwwGZeHb9Lnf9HK8rg4XAIJz8HZA4wYEX6KH6GIEKZ8QkI4jAHK95HbNj3fYoUUBAD7J0IwbiVXcH9OF4eEDe0f6FZu-FJuaEKv4fGnKKq8Gk85m1Om5S65Fa0hGmfWeBqCAO8Yn02sCgIW5Q65E31MXXJ44fG0jZIh00ROiuhPolYSFgq9c688WvtQKmEIeVml-3rtlWqd2YI6S86RKbS80lYnwVsdRQDNMenXEAJwDFfmsTslWJn-_S6RNhAFJEeL6fyuP2fy-er6Q1W_LGW6nqGhuw5omttXnlJOxbCJSknvkTxiUG9itA-Np31BW17C06hW9yOqyGlLPXFosjXhqPzjFIQjZI0d0jq7LThz4voFdr0RBfGgZGS9iqspOSXW-arP0Gm1UCgS40jWvejNlYzNgzNgyOV2JHtv0CWhCMjYREV718GCjPPs477TRa4QQmzL8MGsxgM32JZjrZnCmOdOOnmtmzo2i8qk4sls1GGCHo1fUScAOUtVnM0DNrm_GRPDa7vmWk-L-SEBtlnOdJ-zm2hgJ-xdKcQLzhn0NkPusum37DVZl7BDDrLymnS-bjxhgkwxJP0fGcI2wwaKcFPMWm1oIGWFJE0Gaa8Brbblcov_goCkZ9teyfRUl7j0SZG2HEpj5_RozTp62cjC8kh_rVf63HTUbHQ2Jg2ziL6s5Jg4QhWErrNSUm_ABy3UHqDRdXmHMA8loLAuKC1nI__Xqa_zXQiGqCEFBQEGTibxLZchnJhjgMpCXtYiIpa01Ljv42djBiFxalOcH_bF50VRBP1ul8ooBvi2jx3lGMeAzZhiy3_O0FkX08jN5nBUgZtenJQ-odPtLAflFLo7Dq1G00~2?etext=2202.29KUDIM5FwpAPPXSEhg1JYpcqdEncd5xUgp9j_kof8lsaWFmcWZpcnl3Z3FkemNh.4b9a096881eeefae8e00f90807415cdfa0e4aac5&from=yandex.ru%3Bsearch%3Bweb%3B%3B0%3B&q=%D1%82%D1%83%D1%80%D1%8B+%D0%BF%D0%BE+%D1%80%D0%BE%D1%81%D1%81%D0%B8%D0%B8,yabs.yandex.ru,,20,2025-11-12 16:47:58,False
Яндекс,Яндекс.Директ,туры по россии,Круиз ВодоходЪ Восточная сказка,,https://yabs.yandex.ru/count/WjuejI_zOoVX2Ld-0eKM09EfdIMSm0cOVG9SRvY0tWp_xMO8U2SWe3_GH5RkD84-dykTFTllt7d3dQ_VyNh37UuFahMeYEfpj6I4z02ILIc9Ea4IqW-EsrBxnftI7tiAVTfGF8_UqXKk9lXPyGBwT3xh6aP5jTIkYOIGg3Jg4AXAIKj4TTLeXj7GaLM91FJfV998iYO9BI45aI0o2XfHDPfXL3MgGVFO0LCsJroPXWvuAPNDBoEoP90OT1nD8FBnyV7nAO4nHIv02sEgi00jZ2d20hGmfg8Ke8KnDLY05iOKb0AqCAO42z2sYDFA-PeGUo11y-zqoEdII-x4H3w4cn-ytWFNVo6NP3asDPc53V1bqUDJsqwxfWxLU4BnQVJfjA5J6t_Y-9qxetOTXTuvD2frtb3ez1cLsYnmi1uAa8rEo5VdWkN6UuJgXZT6uto-OGBS00vW0tS3TaeXeXShxAUbrR0tmtvQMWrRMW0kFLLJBa9ix54ZTY2hwtgDpa7Ehm-GJHT2XORRfDcsuJ1y8As6X02-O4mD1h3jmMgz67maqT-G38Ap5hOcognmb6JbpB2mWmvB84gMmjPJq64cbFyE5KDkwbWmanQhnuYPCJeDOzRWGLv1a0wt-GM30YAMCxZan3JrwERNWf_M3q-HQFdWfMFtVvUDt-zTDdu_byaaojylSBDVUs47_DaBEo3Jl0J_O9PXejWnnyobDsRNTLsdpHQWD45oqOrCUYn3Woc0f-YT0dYAtj9cNnPWsyJAat-GCPVNZsaFJi0hKica_zAwpiGqP14Cqkzu7TVO60lLXUUrVpBhCUyyPk8IHGTP3pEnfb2DLW7RwxgEOJcf_2o8ZCdSyE0AHHty4aSUmKAicvMtfqeC9RbjOqwxjaF5bbKUPSsetjP0D2bhZB6oqnSveKyQ1rz6MNAIB9_TP4AT1JOyGYNOGrszFGaJMxnP6ngDj_AVALovFj1N7xai7m00~2?etext=2202.29KUDIM5FwpAPPXSEhg1JYpcqdEncd5xUgp9j_kof8lsaWFmcWZpcnl3Z3FkemNh.4b9a096881eeefae8e00f90807415cdfa0e4aac5&from=yandex.ru%3Bsearch%3Bweb%3B%3B0%3B&q=%D1%82%D1%83%D1%80%D1%8B+%D0%BF%D0%BE+%D1%80%D0%BE%D1%81%D1%81%D0%B8%D0%B8,yabs.yandex.ru,,21,2025-11-12 16:47:58,False
